plot_id,date,n_pixels,valid_frac,NDVI,EVI,SAVI,NDRE,NDWI
P001,2022-02-01,79,0.8475889181737052,0.1019,0.0941,0.1226,0.0481,-0.0232
P001,2022-02-06,73,0.782803289509352,0.114,0.1056,0.1334,0.0709,-0.0278
P001,2022-02-11,106,0.53142662702165,0.1389,0.1149,0.1551,0.0687,-0.0375
P001,2022-02-21,99,0.8952417531887221,0.1748,0.1317,0.1976,0.0981,-0.0378
P001,2022-02-26,107,0.6976912391627343,0.2045,0.1692,0.2437,0.1102,-0.0639
P001,2022-03-23,78,0.6859121030495199,0.7028,0.599,0.8145,0.3828,-0.1711
P001,2022-04-12,101,0.6795896489695914,0.8921,0.7584,1.0307,0.496,-0.2164
P001,2022-04-17,87,0.686505253193377,0.8916,0.757,1.0084,0.473,-0.2361
P001,2022-04-22,81,0.6141781416959908,0.8953,0.7573,1.0426,0.4882,-0.2165
P001,2022-04-27,114,0.7191843663198555,0.8914,0.7482,1.0218,0.5004,-0.2401
P001,2022-05-02,108,0.6608775066454808,0.9138,0.7623,1.0516,0.4962,-0.2261
P001,2022-05-07,94,0.9902668336981373,0.8945,0.7579,1.0184,0.4941,-0.2214
P001,2022-05-12,71,0.8035306588724264,0.8855,0.7673,1.0064,0.4793,-0.2306
P001,2022-05-17,79,0.5434970778665537,0.8765,0.7514,1.0058,0.4644,-0.2293
P001,2022-05-22,63,1.0,0.8711,0.7696,1.0059,0.4672,-0.2391
P001,2022-06-01,64,0.6876964109730472,0.8064,0.6793,0.926,0.4563,-0.2
P001,2022-06-11,78,0.6770538136390004,0.6992,0.5938,0.8217,0.3861,-0.165
P001,2022-06-16,66,0.5722584350374463,0.5791,0.4826,0.6588,0.3441,-0.153
P001,2022-06-21,117,0.8897359519311366,0.4802,0.412,0.5507,0.2636,-0.1266
P001,2022-07-06,79,0.5583093638520571,0.2616,0.2241,0.3166,0.1458,-0.0666
P001,2022-07-11,88,0.7829073752045784,0.2016,0.1672,0.2429,0.116,-0.035
P001,2023-02-11,78,1.0,0.122,0.1225,0.1318,0.0637,-0.0451
P001,2023-02-16,110,0.9308780431332351,0.1495,0.1198,0.1654,0.0565,-0.039
P001,2023-02-21,61,0.6705840858950889,0.1283,0.1003,0.1466,0.0495,-0.0467
P001,2023-03-08,110,1.0,0.2289,0.1828,0.2595,0.13,-0.0399
P001,2023-03-13,108,0.7132083231086835,0.3034,0.2656,0.3532,0.1623,-0.0772
P001,2023-04-12,90,0.7733143991502699,0.7652,0.6539,0.8805,0.4208,-0.1985
P001,2023-05-07,100,0.8078769828834751,0.8019,0.674,0.9111,0.4554,-0.1979
P001,2023-05-12,101,0.8891157722337271,0.7953,0.6805,0.9034,0.4317,-0.1962
P001,2023-05-17,65,0.7061743221294667,0.7343,0.6232,0.842,0.4057,-0.1689
P001,2023-05-22,107,0.7764768632058671,0.701,0.5988,0.8025,0.3645,-0.172
P001,2023-06-01,83,0.8795742020547282,0.5477,0.4623,0.6293,0.2886,-0.1403
P001,2023-06-06,100,1.0,0.4736,0.4144,0.5491,0.2814,-0.114
P001,2023-06-11,114,0.7055143569697937,0.3806,0.3242,0.4308,0.2212,-0.1069
P001,2023-06-16,90,0.7605596281844995,0.3148,0.2793,0.3695,0.195,-0.0714
P001,2023-06-21,111,0.7399570240652699,0.2382,0.1907,0.2687,0.1491,-0.0532
P001,2023-06-26,115,0.7549173139314391,0.1895,0.1489,0.2112,0.108,-0.0358
P001,2023-07-01,116,0.406306573710285,0.1666,0.1447,0.1923,0.0966,-0.0255
P001,2023-07-06,68,0.8386359484190032,0.1536,0.1148,0.1914,0.0889,-0.0299
P001,2023-07-11,115,0.8720645534949316,0.1411,0.1306,0.1646,0.0804,-0.0326
P001,2024-02-06,111,0.6442990105695177,0.1184,0.0989,0.1382,0.075,-0.0335
P001,2024-02-11,61,0.7101241812126932,0.1386,0.1166,0.1676,0.0523,-0.0476
P001,2024-02-21,74,0.8624150849591611,0.1737,0.1448,0.2017,0.1086,-0.0301
P001,2024-03-12,63,0.9530378834354096,0.4912,0.4185,0.5566,0.2631,-0.1376
P001,2024-03-27,91,0.5426727726934439,0.7588,0.6489,0.8622,0.423,-0.191
P001,2024-04-01,118,0.8892445487352727,0.7965,0.671,0.9106,0.4252,-0.2057
P001,2024-04-06,75,0.7992993003423722,0.8421,0.7194,0.9817,0.4591,-0.2253
P001,2024-04-11,98,0.7002767741854118,0.8249,0.7123,0.9524,0.4521,-0.2027
P001,2024-04-16,67,0.7604071702699168,0.809,0.6893,0.9411,0.4348,-0.1989
P001,2024-04-21,67,0.797086231718633,0.8527,0.7164,0.9647,0.4441,-0.2243
P001,2024-05-01,88,0.9158990054860947,0.8206,0.6879,0.9471,0.4464,-0.208
P001,2024-05-06,88,0.8428756675463089,0.818,0.6919,0.9514,0.4362,-0.2044
P001,2024-05-11,117,0.964982175990926,0.7562,0.6437,0.8754,0.4152,-0.1907
P001,2024-05-16,90,0.8145452038436329,0.72,0.6035,0.8347,0.409,-0.1763
P001,2024-05-26,89,0.8903320688197724,0.5948,0.4872,0.6806,0.3032,-0.1636
P001,2024-05-31,70,0.8842777472957529,0.5228,0.4372,0.5862,0.252,-0.1361
P001,2024-06-05,86,0.6660641570925766,0.4331,0.3728,0.4825,0.2347,-0.1073
P001,2024-06-20,106,0.8502489027161996,0.1939,0.158,0.232,0.1262,-0.0582
P001,2024-06-25,108,0.7212984019957409,0.1859,0.172,0.2093,0.1197,-0.0452
P001,2024-06-30,119,0.9847077032504856,0.1553,0.1284,0.1692,0.0801,-0.0343
P001,2024-07-15,119,0.3908609542649293,0.1312,0.1037,0.134,0.0623,-0.0303
P002,2022-02-01,95,0.7059331619771805,0.1312,0.1008,0.1581,0.0962,-0.0446
P002,2022-02-06,117,0.9916674222749431,0.133,0.1008,0.1554,0.095,-0.0498
P002,2022-02-16,99,0.6719117380716884,0.1431,0.1297,0.167,0.0574,-0.0306
P002,2022-02-21,98,0.655861869534462,0.1529,0.1236,0.1813,0.0933,-0.0337
P002,2022-02-26,65,0.8307051659892377,0.1962,0.1564,0.228,0.0908,-0.0446
P002,2022-03-03,104,0.8570730204723599,0.2081,0.1793,0.2332,0.1319,-0.0564
P002,2022-03-13,104,0.657050109880708,0.3416,0.2951,0.3876,0.183,-0.0718
P002,2022-03-23,91,1.0,0.5469,0.4608,0.6096,0.2971,-0.1396
P002,2022-03-28,80,0.5829917937117228,0.6467,0.5554,0.7489,0.3377,-0.1547
P002,2022-04-02,98,0.6994012256897241,0.7284,0.6178,0.8439,0.3799,-0.1805
P002,2022-04-07,77,1.0,0.781,0.6621,0.9148,0.4163,-0.1894
P002,2022-04-17,117,0.9318778255247401,0.8106,0.6858,0.9153,0.4456,-0.2117
P002,2022-04-27,98,0.49415216759767244,0.8304,0.6897,0.9598,0.4504,-0.2332
P002,2022-05-02,97,0.6429187763945274,0.8088,0.6743,0.9385,0.449,-0.1784
P002,2022-05-07,99,0.8081554711893022,0.7827,0.6636,0.9083,0.438,-0.1832
P002,2022-05-12,75,0.6748732545846082,0.7648,0.6457,0.8747,0.4301,-0.1762
P002,2022-05-17,108,0.6862839408310363,0.7128,0.609,0.8173,0.4035,-0.2007
P002,2022-06-11,75,0.9169448837490395,0.3104,0.2613,0.3466,0.17,-0.0671
P002,2022-06-16,90,0.6134137674117828,0.2295,0.2006,0.2617,0.134,-0.0575
P002,2022-06-26,69,0.7183964978455265,0.1874,0.1472,0.1999,0.1113,-0.0504
P002,2022-07-01,60,0.7355731594615001,0.1497,0.1385,0.1494,0.0644,-0.0467
P002,2022-07-11,74,0.5789758621310654,0.1035,0.0768,0.1235,0.0576,-0.0204
P002,2023-02-01,115,0.9538830900443418,0.1317,0.1145,0.165,0.0726,-0.0309
P002,2023-02-06,63,0.7590578892636626,0.1043,0.0756,0.1194,0.0564,-0.0081
P002,2023-02-11,70,0.7517168158637199,0.0997,0.0873,0.1152,0.0524,-0.0358
P002,2023-02-26,67,0.8086896989899852,0.1465,0.1067,0.1673,0.0925,-0.026
P002,2023-03-03,77,0.755836981035219,0.1653,0.1321,0.1793,0.0951,-0.0375
P002,2023-03-08,105,0.7301657015203242,0.2355,0.1878,0.2677,0.1322,-0.0609
P002,2023-03-13,94,0.7879327222454848,0.3152,0.2629,0.3562,0.1771,-0.0828
P002,2023-03-18,88,0.5790856498362638,0.4181,0.3506,0.4952,0.216,-0.1257
P002,2023-03-23,68,0.7543664919865004,0.508,0.4321,0.5831,0.294,-0.1537
P002,2023-03-28,116,0.5808328852662429,0.598,0.5045,0.6802,0.3182,-0.1528
P002,2023-04-07,94,0.6996091162439778,0.7407,0.6487,0.8522,0.4285,-0.1861
P002,2023-04-12,97,1.0,0.7721,0.6648,0.8808,0.4363,-0.1966
P002,2023-04-17,79,0.8862902039838166,0.7823,0.6652,0.9024,0.4304,-0.1922
P002,2023-04-22,62,0.8499859002914301,0.8261,0.6923,0.9356,0.4536,-0.2057
P002,2023-05-12,80,0.6622688797600499,0.7427,0.6308,0.8569,0.3964,-0.1784
P002,2023-05-17,100,0.45621128394044536,0.6899,0.5863,0.7912,0.3782,-0.1728
P002,2023-05-22,89,0.892147441477245,0.6203,0.5162,0.7016,0.3281,-0.1522
P002,2023-05-27,73,0.3747450233760518,0.5483,0.449,0.6222,0.2949,-0.1412
P002,2023-06-11,93,0.6485974041477947,0.2955,0.2426,0.3446,0.1441,-0.07
P002,2023-06-16,61,0.9882414160723894,0.2363,0.1946,0.2924,0.1273,-0.0718
P002,2023-06-26,106,0.637236622827975,0.1669,0.1458,0.1974,0.0843,-0.0318
P002,2023-07-01,94,0.6055622454349967,0.1419,0.1259,0.1768,0.0555,-0.0386
P002,2023-07-06,112,0.7678838791691088,0.1222,0.0982,0.1389,0.0898,-0.0323
P002,2023-07-11,109,0.761356993193525,0.151,0.1284,0.1781,0.097,-0.0213
P002,2024-02-01,86,0.842522129953467,0.1352,0.105,0.1451,0.0876,-0.0379
P002,2024-02-06,64,0.819505470904903,0.1376,0.1016,0.1605,0.0845,-0.0306
P002,2024-02-16,88,0.7996560232494293,0.1539,0.1278,0.1722,0.0951,-0.0237
P002,2024-02-21,104,0.7335398727554725,0.1672,0.1457,0.2,0.0934,-0.0405
P002,2024-02-26,104,0.7411076030961101,0.2063,0.1681,0.2331,0.1211,-0.0515
P002,2024-03-07,67,0.8634372245444709,0.3095,0.2669,0.3436,0.1875,-0.0824
P002,2024-03-12,99,0.5932434435620546,0.4131,0.3409,0.4756,0.2239,-0.1066
P002,2024-03-22,114,0.8114742685993039,0.6211,0.5341,0.6932,0.3372,-0.1771
P002,2024-04-01,114,0.906829841218452,0.7322,0.6342,0.844,0.3967,-0.1782
P002,2024-04-06,102,0.8979204475441152,0.7934,0.6688,0.9204,0.4445,-0.2079
P002,2024-04-11,112,0.8547849518057258,0.8138,0.6928,0.9283,0.4373,-0.2088
P002,2024-04-16,78,0.8156268372929805,0.8043,0.6712,0.9228,0.4437,-0.1766
P002,2024-04-21,110,0.97080218497352,0.8129,0.6925,0.9389,0.4485,-0.1988
P002,2024-04-26,77,0.6815293283662917,0.8357,0.7216,0.9546,0.4589,-0.2196
P002,2024-05-01,73,0.9667688935389801,0.8057,0.6841,0.9246,0.4298,-0.2037
P002,2024-05-06,77,0.7840179069163703,0.8239,0.7135,0.9756,0.4461,-0.1916
P002,2024-05-21,71,0.7592874725519939,0.7046,0.6,0.8062,0.3708,-0.1916
P002,2024-05-31,90,0.751275844008473,0.5211,0.4509,0.6011,0.2787,-0.118
P002,2024-06-10,93,0.8960495267016135,0.3582,0.3169,0.4232,0.2044,-0.0836
P002,2024-06-15,105,0.8551084735289378,0.27,0.216,0.3026,0.1642,-0.0591
P002,2024-06-20,81,0.7092488424469061,0.228,0.1823,0.2598,0.1266,-0.0562
P002,2024-07-05,76,0.817547591706572,0.1486,0.1263,0.1634,0.0789,-0.039
P002,2024-07-10,64,1.0,0.1339,0.1129,0.1516,0.0485,-0.0424
P002,2024-07-15,87,0.9572561390066695,0.1293,0.1083,0.1616,0.0719,-0.032
P003,2022-02-01,109,0.7722940642954246,0.1182,0.1041,0.1401,0.0492,-0.021
P003,2022-02-06,110,0.748404198507271,0.1287,0.0957,0.1449,0.0752,-0.0261
P003,2022-02-11,63,0.9797668335901579,0.1437,0.1323,0.1627,0.0881,-0.0166
P003,2022-02-16,87,0.6110200333264274,0.1534,0.1452,0.1658,0.0685,-0.0432
P003,2022-03-03,71,0.6488681307413237,0.2731,0.225,0.3053,0.1776,-0.0653
P003,2022-03-08,85,0.7221064984220926,0.3436,0.285,0.3687,0.1725,-0.104
P003,2022-03-13,72,0.5706961538552846,0.4547,0.3998,0.5225,0.2656,-0.1096
P003,2022-03-18,86,0.8285926431289006,0.5553,0.4793,0.6329,0.3122,-0.1332
P003,2022-03-28,62,0.5723807502152591,0.7337,0.6245,0.8471,0.394,-0.1832
P003,2022-04-02,73,0.9827820180183733,0.7777,0.6738,0.8843,0.4479,-0.1997
P003,2022-04-07,71,0.7601979939076633,0.8078,0.6825,0.9109,0.4422,-0.2176
P003,2022-04-12,118,0.6304633516054965,0.8435,0.72,0.9627,0.4564,-0.2031
P003,2022-04-17,94,1.0,0.8056,0.68,0.9365,0.4443,-0.1935
P003,2022-04-22,105,0.7326751681051598,0.8215,0.6899,0.9514,0.4596,-0.1994
P003,2022-05-02,105,0.6937582965226297,0.8282,0.7077,0.9462,0.4558,-0.213
P003,2022-05-07,114,0.7172956307843367,0.8193,0.7083,0.9205,0.4264,-0.1969
P003,2022-05-17,93,0.5510405845022177,0.7664,0.6512,0.9014,0.4314,-0.1899
P003,2022-05-27,68,0.7886460631381741,0.7103,0.6122,0.8011,0.3827,-0.1892
P003,2022-06-01,89,0.758022244023285,0.6284,0.5133,0.7288,0.3547,-0.1596
P003,2022-06-06,103,0.9349352901154044,0.5148,0.4098,0.5886,0.269,-0.1207
P003,2022-06-11,96,0.8105931031103417,0.4244,0.3664,0.5064,0.231,-0.1023
P003,2022-06-16,86,0.6359236727892953,0.3307,0.2755,0.3801,0.1631,-0.0804
P003,2022-06-21,101,0.7939400735245937,0.2519,0.1983,0.2885,0.1475,-0.0818
P003,2022-07-01,71,0.8117957373190131,0.1738,0.1663,0.2045,0.1035,-0.0163
P003,2022-07-06,84,0.6303175854572257,0.1603,0.1405,0.1888,0.0819,-0.0504
P003,2022-07-11,99,0.6401571927896886,0.1264,0.1166,0.1443,0.0665,-0.026
P003,2023-02-01,62,0.6126264784055343,0.1351,0.1082,0.1702,0.0678,-0.0292
P003,2023-02-11,109,0.7226250236024607,0.1448,0.1288,0.1524,0.0938,-0.0394
P003,2023-03-03,73,0.7883860275156335,0.3759,0.326,0.4322,0.2129,-0.0982
P003,2023-03-08,99,0.9391405985344476,0.4554,0.4008,0.5152,0.2772,-0.1039
P003,2023-03-13,111,0.7542033280538815,0.6048,0.5119,0.6934,0.3373,-0.1372
P003,2023-03-18,70,0.8736640593577469,0.6956,0.6005,0.8065,0.3915,-0.1766
P003,2023-04-02,100,0.7855422917318925,0.8844,0.7509,1.0126,0.4509,-0.2336
P003,2023-04-07,115,0.8040887516485262,0.9022,0.7529,1.0519,0.4945,-0.2226
P003,2023-04-12,85,0.9774660150884106,0.908,0.7688,1.0383,0.4955,-0.2219
P003,2023-04-17,104,0.9700771876063563,0.8812,0.7479,1.0364,0.4858,-0.2024
P003,2023-04-22,106,0.8944440859874172,0.907,0.7637,1.0346,0.5044,-0.2169
P003,2023-04-27,62,0.5459612450566009,0.8944,0.746,1.0109,0.4932,-0.2124
P003,2023-05-02,104,0.41093778639932216,0.8562,0.7259,0.983,0.4961,-0.2286
P003,2023-05-22,71,0.7994915307985897,0.6955,0.5989,0.7917,0.393,-0.1876
P003,2023-06-06,112,0.746597208701153,0.425,0.355,0.478,0.2295,-0.1173
P003,2023-06-11,94,0.8567965534486577,0.2911,0.2356,0.3291,0.1526,-0.0595
P003,2023-06-21,104,0.8248079161604585,0.2084,0.156,0.2392,0.1386,-0.0508
P003,2023-07-01,102,0.45037999606652107,0.1569,0.1166,0.1826,0.0777,-0.0261
P003,2023-07-06,78,0.45982038964303235,0.1571,0.1208,0.1532,0.0836,-0.0412
P003,2023-07-11,81,0.9297779754775041,0.1205,0.1007,0.1172,0.0737,-0.0246
P003,2024-02-01,87,0.753769306682405,0.1125,0.0934,0.1328,0.0617,-0.0427
P003,2024-02-16,81,0.8018589869702369,0.1323,0.1243,0.1506,0.0793,-0.0401
P003,2024-02-21,119,0.5068629722537773,0.1798,0.1294,0.2162,0.0871,-0.0495
P003,2024-02-26,104,0.7239243449858076,0.1892,0.1535,0.2214,0.1095,-0.0441
P003,2024-03-02,111,0.986665230739783,0.2519,0.2034,0.2891,0.1521,-0.0503
P003,2024-03-17,74,0.7792894547219659,0.534,0.4517,0.6103,0.2972,-0.136
P003,2024-04-01,77,0.8298194060822157,0.7459,0.6631,0.84,0.4141,-0.1941
P003,2024-04-11,86,0.9263259864763169,0.8172,0.6965,0.9511,0.4213,-0.1884
P003,2024-04-21,106,0.5670186382737717,0.8218,0.6902,0.9465,0.4518,-0.2026
P003,2024-04-26,66,0.8960728607575963,0.826,0.7022,0.9479,0.4366,-0.2015
P003,2024-05-01,103,0.6808708023352633,0.8285,0.7107,0.9378,0.4563,-0.2083
P003,2024-05-06,111,0.6458792158281501,0.8138,0.6866,0.9486,0.454,-0.2073
P003,2024-05-11,83,0.514923436412183,0.8173,0.6986,0.9223,0.4586,-0.203
P003,2024-05-16,83,0.7346006863439051,0.8067,0.7037,0.9396,0.4353,-0.1994
P003,2024-05-21,81,0.7922933801091235,0.8093,0.6809,0.9298,0.4259,-0.201
P003,2024-05-26,74,0.5077423664122819,0.7856,0.6777,0.9071,0.4234,-0.1992
P003,2024-06-05,106,0.6693282980464291,0.6831,0.5929,0.7791,0.3834,-0.1761
P003,2024-06-15,84,0.6697782992672163,0.5259,0.4313,0.591,0.2829,-0.144
P003,2024-06-20,116,0.6801347752712883,0.4324,0.3912,0.4798,0.2402,-0.1194
P003,2024-06-25,66,0.401194293768857,0.3493,0.2993,0.4207,0.1867,-0.0847
P003,2024-07-05,98,0.6628559717202775,0.2182,0.1627,0.2573,0.1187,-0.0647
P003,2024-07-10,100,0.6707360803326712,0.1944,0.1713,0.2102,0.1195,-0.0626
P004,2022-02-01,115,0.6554876234616496,0.1282,0.0984,0.1369,0.0688,-0.0442
P004,2022-02-11,109,0.6822923323553407,0.1425,0.1218,0.1509,0.0988,-0.0244
P004,2022-02-16,104,0.5479796176830651,0.1613,0.1392,0.1743,0.1063,-0.0322
P004,2022-02-21,100,0.6024876032011455,0.1895,0.1679,0.23,0.1175,-0.0633
P004,2022-03-18,88,0.7048853122729898,0.5699,0.4659,0.6522,0.3095,-0.144
P004,2022-03-23,118,0.7440440576479533,0.6268,0.5372,0.7178,0.3398,-0.1558
P004,2022-04-02,70,0.7499155354315562,0.7031,0.598,0.8182,0.3633,-0.1955
P004,2022-04-22,105,0.889895826448668,0.7478,0.6405,0.8573,0.386,-0.1793
P004,2022-05-02,119,0.618053635894874,0.732,0.629,0.8504,0.4213,-0.1918
P004,2022-05-07,94,0.7586115107157236,0.7399,0.6177,0.855,0.4139,-0.1841
P004,2022-05-12,107,0.7111941147471404,0.7251,0.6311,0.8249,0.3918,-0.1812
P004,2022-05-22,119,0.44434072383979234,0.6995,0.5949,0.7932,0.3801,-0.1683
P004,2022-06-01,86,0.7050993138372417,0.6475,0.5571,0.7494,0.3478,-0.1636
P004,2022-06-06,66,0.5404556913373303,0.603,0.5191,0.6826,0.3486,-0.1405
P004,2022-06-11,69,0.773584926515429,0.5626,0.4761,0.6538,0.305,-0.1383
P004,2022-06-21,68,0.5708451778913312,0.4197,0.3461,0.4644,0.2396,-0.0868
P004,2022-06-26,103,0.5060873267060225,0.3526,0.307,0.4198,0.1885,-0.0871
P004,2022-07-01,92,0.5904660405847924,0.2507,0.2151,0.2727,0.1444,-0.0524
P004,2022-07-06,98,0.5794616127884349,0.2162,0.1622,0.246,0.1119,-0.0696
P004,2022-07-11,64,0.5886396062032151,0.1674,0.1368,0.2033,0.0993,-0.0432
P004,2023-02-06,70,0.4229450686892717,0.1284,0.1053,0.1296,0.0616,-0.0412
P004,2023-02-16,105,0.7868056513492998,0.1364,0.0982,0.1503,0.0776,-0.0443
P004,2023-02-21,105,0.5695955121148455,0.1451,0.1205,0.161,0.0818,-0.0427
P004,2023-03-08,67,0.7857582562256138,0.1812,0.1531,0.204,0.1092,-0.0477
P004,2023-03-23,62,0.5489465687968194,0.4499,0.3901,0.4985,0.2501,-0.0967
P004,2023-03-28,79,0.6659325796795387,0.5277,0.4489,0.6043,0.2808,-0.1348
P004,2023-04-02,83,0.6349174397204039,0.6073,0.5082,0.6848,0.3387,-0.1464
P004,2023-04-12,74,0.8088016406048635,0.6837,0.5842,0.7853,0.3697,-0.1488
P004,2023-04-22,105,0.815101473517516,0.7311,0.624,0.8267,0.4156,-0.1837
P004,2023-04-27,66,0.8438513357394231,0.7159,0.5959,0.8411,0.4016,-0.1791
P004,2023-05-02,110,0.7738946675744461,0.7135,0.6062,0.8139,0.3994,-0.1736
P004,2023-05-07,119,0.7694894781249111,0.6893,0.5852,0.7794,0.3615,-0.1667
P004,2023-05-12,118,0.780811579044189,0.6813,0.5743,0.7966,0.3688,-0.1637
P004,2023-05-22,93,0.6806166425513129,0.5452,0.4734,0.617,0.3034,-0.1271
P004,2023-05-27,72,1.0,0.4877,0.4069,0.5471,0.2563,-0.1153
P004,2023-06-06,85,0.8650300939993592,0.3523,0.2872,0.4167,0.2281,-0.0844
P004,2023-06-11,80,0.6760710346656661,0.2555,0.1991,0.2878,0.1274,-0.0783
P004,2023-06-16,91,0.8069531370920976,0.2407,0.2015,0.2751,0.144,-0.0605
P004,2023-06-21,69,0.7205993553232476,0.1852,0.154,0.1989,0.0781,-0.0489
P004,2023-07-11,85,0.42659879909109316,0.1144,0.0881,0.1357,0.0676,-0.0401
P004,2024-02-01,83,0.628631102258844,0.1159,0.0992,0.133,0.0661,-0.0069
P004,2024-02-06,93,0.9102693100866447,0.1153,0.099,0.1559,0.0589,-0.0256
P004,2024-02-11,84,0.697271289728506,0.1307,0.1136,0.1588,0.0757,-0.0201
P004,2024-02-21,116,0.8091356474163046,0.1443,0.1154,0.159,0.068,-0.0267
P004,2024-03-02,66,0.7404736988342597,0.1821,0.1621,0.2009,0.0872,-0.0433
P004,2024-03-12,67,0.851622726313709,0.2744,0.2258,0.3104,0.1396,-0.0556
P004,2024-03-17,95,0.840749006351831,0.3519,0.3116,0.4329,0.1731,-0.0954
P004,2024-03-22,79,0.5883625128594431,0.4221,0.3558,0.4733,0.2362,-0.105
P004,2024-03-27,81,0.8261592677457379,0.4999,0.431,0.5712,0.3004,-0.1226
P004,2024-04-06,113,0.7526001943726961,0.6548,0.5554,0.7484,0.3843,-0.1582
P004,2024-04-21,104,0.7555208248645432,0.7302,0.6224,0.8212,0.3994,-0.1824
P004,2024-04-26,74,0.669069722711829,0.7238,0.6135,0.8333,0.4054,-0.1701
P004,2024-05-01,80,0.6815765705826964,0.7235,0.6193,0.8381,0.3927,-0.173
P004,2024-05-06,108,1.0,0.7461,0.6255,0.8581,0.4105,-0.1875
P004,2024-05-11,87,0.5271656995153393,0.7137,0.6076,0.8131,0.3936,-0.1864
P004,2024-05-16,62,0.7726382290209743,0.7106,0.6098,0.839,0.3941,-0.1728
P004,2024-05-26,62,0.987424417016,0.6973,0.5835,0.7915,0.3831,-0.1752
P004,2024-06-10,69,0.5409491273450743,0.578,0.5007,0.6696,0.3105,-0.1603
P004,2024-06-25,102,0.5945127037695515,0.3584,0.3038,0.419,0.1686,-0.0793
P004,2024-06-30,107,0.7870024724416116,0.2911,0.2583,0.3403,0.1316,-0.0806
P004,2024-07-05,91,0.720753017082032,0.2381,0.2071,0.2817,0.1382,-0.0617
P004,2024-07-10,96,0.8124552222208433,0.2049,0.1632,0.2419,0.1236,-0.05
P004,2024-07-15,115,0.5582867455932294,0.1748,0.1675,0.1956,0.0724,-0.0314
P005,2022-02-01,75,0.9386668426304164,0.1376,0.1284,0.1583,0.0471,-0.0292
P005,2022-02-06,87,0.9704905846411847,0.164,0.1411,0.1986,0.0794,-0.0565
P005,2022-02-26,70,0.8751788321053586,0.2854,0.2531,0.3367,0.1747,-0.0733
P005,2022-03-03,119,0.7217120800490985,0.3735,0.3256,0.4198,0.2033,-0.1003
P005,2022-03-13,96,0.8432401969681457,0.6022,0.5115,0.6945,0.317,-0.1724
P005,2022-03-18,95,0.7985985384408216,0.7067,0.6127,0.8284,0.4075,-0.1866
P005,2022-03-23,71,1.0,0.8091,0.7025,0.9417,0.4403,-0.2111
P005,2022-03-28,92,0.584900810364846,0.8255,0.6993,0.9481,0.4731,-0.2099
P005,2022-04-02,66,0.645146722034411,0.8633,0.7343,0.992,0.4716,-0.2079
P005,2022-04-07,64,0.6724478662568459,0.8861,0.76,1.0129,0.468,-0.2148
P005,2022-04-12,100,0.45587316022957014,0.8949,0.7678,1.0126,0.4959,-0.2326
P005,2022-04-17,105,0.6837134974380464,0.8954,0.7592,1.0232,0.4995,-0.2283
P005,2022-04-22,71,0.6453664190105538,0.8742,0.7344,0.9888,0.4843,-0.2221
P005,2022-04-27,98,0.66964276908459,0.9001,0.7561,1.0509,0.4746,-0.2394
P005,2022-05-02,82,0.6382525591911538,0.9043,0.7623,1.0461,0.4694,-0.2447
P005,2022-05-07,95,0.9824835849193689,0.8839,0.747,1.0175,0.4998,-0.1999
P005,2022-05-12,82,1.0,0.8965,0.7468,1.0412,0.4808,-0.2231
P005,2022-05-17,90,0.6062982598948157,0.8473,0.7103,0.9771,0.4779,-0.2131
P005,2022-05-22,98,0.6042571840480561,0.8231,0.707,0.9547,0.4839,-0.2095
P005,2022-05-27,91,0.8653448807360619,0.7541,0.6492,0.8619,0.4099,-0.1831
P005,2022-06-01,63,0.7634389151052652,0.6854,0.5926,0.7822,0.3549,-0.1905
P005,2022-06-11,91,0.7268083862070136,0.5013,0.4142,0.5695,0.2664,-0.1297
P005,2022-06-16,108,0.7524194122914006,0.3905,0.3273,0.4448,0.2187,-0.0918
P005,2022-06-21,82,0.7554721133421347,0.3147,0.2472,0.3641,0.1823,-0.0815
P005,2022-06-26,114,0.7826160622954892,0.2507,0.2127,0.2873,0.1365,-0.0616
P005,2022-07-01,95,0.9566604354412116,0.1982,0.1685,0.2361,0.1006,-0.0419
P005,2022-07-11,74,0.7316874168042913,0.1789,0.1302,0.2003,0.1132,-0.0392
P005,2023-02-01,89,0.8446857492100721,0.1361,0.1205,0.1606,0.071,-0.0262
P005,2023-02-06,89,0.70321630316169,0.1475,0.1456,0.1523,0.0871,-0.0537
P005,2023-02-11,61,0.6849558772268718,0.141,0.099,0.1661,0.073,-0.0562
P005,2023-02-21,93,0.8038434660977207,0.1692,0.1443,0.2079,0.1132,-0.031
P005,2023-02-26,109,0.7802017279822383,0.2041,0.1779,0.2166,0.1179,-0.0283
P005,2023-03-08,109,0.7390172514024268,0.3617,0.3113,0.4078,0.1874,-0.0778
P005,2023-03-13,113,0.6013340526618974,0.4785,0.4164,0.5494,0.2672,-0.115
P005,2023-03-23,80,0.7964119259639887,0.6847,0.5882,0.7791,0.4025,-0.1665
P005,2023-03-28,103,0.5087721283182688,0.7727,0.6486,0.901,0.4284,-0.2123
P005,2023-04-12,101,0.7807060029030795,0.8577,0.7408,0.9774,0.4598,-0.2164
P005,2023-04-22,83,0.4997948100166355,0.9078,0.7799,1.0379,0.4946,-0.2455
P005,2023-04-27,73,0.8895566786434338,0.8774,0.7381,1.0256,0.4744,-0.2262
P005,2023-05-02,90,0.7817190228545876,0.8443,0.7121,0.9694,0.4806,-0.1964
P005,2023-05-07,70,0.7635235241501359,0.8647,0.7251,0.9938,0.4756,-0.2048
P005,2023-05-12,75,0.8531527599397498,0.8129,0.703,0.9315,0.4445,-0.1966
P005,2023-05-17,100,0.7368140268946178,0.7497,0.6276,0.8526,0.4297,-0.189
P005,2023-06-01,91,1.0,0.4839,0.4008,0.5376,0.2816,-0.1293
P005,2023-06-06,91,0.7902244171432974,0.4093,0.3384,0.4689,0.2305,-0.1124
P005,2023-06-11,119,0.6978925749602203,0.3202,0.2579,0.364,0.1775,-0.084
P005,2023-06-16,113,0.651638480635153,0.2529,0.2219,0.3052,0.1335,-0.0584
P005,2023-06-26,60,0.9848669296804882,0.1713,0.1507,0.1792,0.0996,-0.0305
P005,2023-07-01,111,0.6464826688272081,0.1658,0.1261,0.1921,0.0701,-0.0438
P005,2023-07-11,81,0.5580754806129153,0.1131,0.0858,0.1294,0.0578,-0.0143
P005,2024-02-01,91,0.689582558834064,0.1132,0.0868,0.1278,0.0917,-0.0144
P005,2024-02-11,97,0.6252715841000436,0.1182,0.0827,0.1462,0.0789,-0.0191
P005,2024-02-26,72,0.808724405602216,0.1878,0.1557,0.1997,0.1046,-0.0362
P005,2024-03-02,101,0.8458139072513966,0.2292,0.1982,0.2711,0.1365,-0.0643
P005,2024-03-07,115,0.8833690976290511,0.3067,0.2553,0.3458,0.1468,-0.0592
P005,2024-03-12,104,0.8654843971912146,0.3646,0.3196,0.425,0.1976,-0.0928
P005,2024-03-22,96,0.6804299337972848,0.6288,0.5391,0.713,0.3639,-0.1638
P005,2024-03-27,62,0.9098966444614702,0.7275,0.6222,0.8376,0.4003,-0.1824
P005,2024-04-01,78,0.9719385560476402,0.8081,0.6858,0.9215,0.4383,-0.191
P005,2024-04-06,108,0.6640723455248012,0.8454,0.7242,0.9697,0.4719,-0.2178
P005,2024-04-11,110,0.8811416518378596,0.8606,0.7217,0.9812,0.4747,-0.1979
P005,2024-04-16,67,0.7917499409355756,0.8882,0.7412,1.0151,0.4841,-0.2263
P005,2024-04-21,92,0.6697116650054132,0.8982,0.7489,1.0408,0.5031,-0.2161
P005,2024-05-06,60,0.5953196897340622,0.9029,0.7675,1.0371,0.5187,-0.2065
P005,2024-05-11,92,0.6127161418270014,0.8646,0.7447,1.004,0.4636,-0.2112
P005,2024-05-16,119,0.8331495006948586,0.8589,0.7323,0.9996,0.4733,-0.2164
P005,2024-05-21,95,0.8597720091481331,0.8397,0.7071,0.9552,0.455,-0.2161
P005,2024-05-26,63,0.8963976075441078,0.7554,0.6406,0.8831,0.4319,-0.1864
P005,2024-05-31,106,0.7408473973457388,0.712,0.6065,0.8154,0.3809,-0.1927
P005,2024-06-05,119,0.632489841915507,0.6185,0.5563,0.7004,0.3251,-0.1495
P005,2024-06-10,103,0.8358363630280912,0.5246,0.4275,0.5966,0.2757,-0.1501
P005,2024-06-20,112,0.5516706050868827,0.3411,0.2846,0.384,0.1924,-0.0822
P005,2024-06-25,92,0.9211219184042071,0.2943,0.2501,0.3414,0.168,-0.0722
P005,2024-06-30,107,0.7001336198490344,0.2046,0.1658,0.2396,0.1114,-0.0578
P005,2024-07-05,114,0.89682620118558,0.1697,0.145,0.1865,0.103,-0.048
P005,2024-07-10,66,0.90318334338287,0.1443,0.1173,0.1618,0.0798,-0.0246
P005,2024-07-15,84,0.831581550616827,0.1654,0.1358,0.2091,0.091,-0.0637
P006,2022-02-06,109,0.3725857206340851,0.1168,0.078,0.1241,0.0706,-0.0281
P006,2022-02-16,60,0.7458849968724415,0.1225,0.1071,0.1335,0.0677,-0.0466
P006,2022-02-21,96,0.6477578171204349,0.1438,0.1426,0.1651,0.0915,-0.0365
P006,2022-02-26,74,0.7678685894049416,0.167,0.1452,0.1843,0.0904,-0.0479
P006,2022-03-08,115,0.9817848227544839,0.2806,0.2365,0.3252,0.1385,-0.0746
P006,2022-03-28,108,0.9941102009197029,0.5833,0.4952,0.6947,0.315,-0.1535
P006,2022-04-07,86,0.8729171358926846,0.6874,0.5809,0.803,0.3863,-0.1522
P006,2022-04-12,60,0.6806217924085762,0.7038,0.5785,0.82,0.3838,-0.1686
P006,2022-04-22,114,0.6868270526014267,0.6689,0.5698,0.7791,0.3611,-0.1735
P006,2022-04-27,107,0.4432907605492769,0.6771,0.5633,0.7937,0.3772,-0.1769
P006,2022-05-02,115,0.7519855009202505,0.706,0.6075,0.7983,0.3782,-0.1738
P006,2022-05-07,63,0.5655738903960603,0.6675,0.571,0.7786,0.373,-0.1655
P006,2022-05-17,100,0.7392002111340318,0.627,0.5455,0.7198,0.3342,-0.1617
P006,2022-06-06,108,0.9635339208397549,0.3396,0.2986,0.3811,0.1759,-0.0856
P006,2022-06-11,79,0.5792509909558586,0.2796,0.2332,0.3168,0.1457,-0.0731
P006,2022-06-16,90,1.0,0.2452,0.2101,0.2791,0.1349,-0.0587
P006,2022-06-26,105,0.6232019302533647,0.1726,0.1553,0.2006,0.0761,-0.0354
P006,2022-07-01,77,0.7486599198162044,0.1614,0.12,0.1731,0.1014,-0.045
P006,2022-07-06,71,0.7844190546687645,0.1229,0.0992,0.1366,0.0765,-0.0423
P006,2022-07-11,116,0.8954114686122308,0.1394,0.1309,0.1537,0.0879,-0.0427
P006,2023-02-01,68,0.7577748148489271,0.1474,0.119,0.1642,0.0676,-0.0242
P006,2023-02-06,118,1.0,0.1329,0.1111,0.1832,0.0704,-0.0307
P006,2023-02-11,107,0.8058488340090457,0.1183,0.109,0.135,0.0864,-0.0272
P006,2023-02-16,118,0.8127748611825577,0.1327,0.1114,0.1465,0.0637,-0.0065
P006,2023-02-21,100,0.5314521868828098,0.1631,0.1316,0.187,0.0963,-0.0352
P006,2023-02-26,103,0.8010660665252318,0.1915,0.154,0.214,0.0943,-0.0598
P006,2023-03-03,79,0.8532917551468332,0.2189,0.1958,0.2521,0.1297,-0.0723
P006,2023-03-08,84,0.8440664400223749,0.2815,0.2431,0.3139,0.1369,-0.0775
P006,2023-03-13,76,0.8535137122763093,0.3721,0.3026,0.4181,0.196,-0.0966
P006,2023-03-18,63,0.6267247055388669,0.4588,0.3909,0.5159,0.251,-0.1041
P006,2023-03-23,73,0.719033136238419,0.533,0.4633,0.6087,0.2862,-0.1216
P006,2023-03-28,68,0.8143448086690798,0.6134,0.5179,0.7102,0.3412,-0.1431
P006,2023-04-07,79,0.7407726480593044,0.7251,0.6234,0.8236,0.411,-0.1766
P006,2023-04-12,103,1.0,0.7504,0.6478,0.8772,0.4137,-0.2042
P006,2023-04-17,94,0.7882623065801637,0.752,0.6333,0.8557,0.4129,-0.1818
P006,2023-05-02,79,0.8804641780747434,0.7445,0.628,0.8616,0.4226,-0.1787
P006,2023-05-12,64,0.9170489560111948,0.7383,0.619,0.8516,0.4092,-0.1797
P006,2023-05-17,68,0.5475198881556426,0.7274,0.627,0.8383,0.4139,-0.1823
P006,2023-05-27,108,0.6944444085508339,0.7193,0.6149,0.8208,0.4154,-0.1886
P006,2023-06-01,93,0.5861726509369563,0.7013,0.5994,0.8226,0.3798,-0.1714
P006,2023-06-11,112,0.7030436571110692,0.6101,0.5104,0.7124,0.3316,-0.1543
P006,2023-07-01,72,0.6350526975576442,0.3049,0.2552,0.3681,0.1769,-0.0818
P006,2023-07-06,89,0.638922626924832,0.2578,0.2292,0.2829,0.1547,-0.0685
P006,2023-07-11,79,0.7916016269580323,0.2161,0.1788,0.2541,0.1119,-0.0478
P006,2024-02-06,98,0.7129764306732621,0.151,0.1333,0.1629,0.0635,-0.0412
P006,2024-02-16,76,0.5297604360196729,0.1521,0.127,0.1775,0.0858,-0.0326
P006,2024-02-26,111,0.8130484244664193,0.1888,0.1687,0.2091,0.0997,-0.0742
P006,2024-03-12,119,0.7748418225348978,0.3531,0.2996,0.3835,0.1968,-0.0976
P006,2024-03-22,79,0.754500980779641,0.525,0.4435,0.6068,0.2903,-0.1338
P006,2024-03-27,62,0.6624169591361672,0.6011,0.5108,0.6852,0.3381,-0.1531
P006,2024-04-01,101,0.7082855560518136,0.634,0.5411,0.7323,0.3712,-0.1652
P006,2024-04-16,65,0.5176114235483635,0.6966,0.587,0.7904,0.3624,-0.1821
P006,2024-04-21,107,0.8375679817939422,0.6877,0.5906,0.7818,0.3751,-0.1905
P006,2024-04-26,70,0.8737406834421154,0.6815,0.5722,0.7943,0.3567,-0.1829
P006,2024-05-01,115,1.0,0.7,0.5999,0.8046,0.3586,-0.1952
P006,2024-05-11,73,0.7598298871245076,0.6482,0.5521,0.7549,0.3581,-0.1498
P006,2024-05-21,103,0.9096468279370773,0.6215,0.5185,0.7429,0.3463,-0.1516
P006,2024-05-31,96,0.5092416031494115,0.5339,0.4678,0.6105,0.2949,-0.1463
P006,2024-06-10,102,0.7650254456990211,0.3911,0.3296,0.469,0.2389,-0.0973
P006,2024-06-15,119,0.915900943725418,0.3159,0.2652,0.359,0.1855,-0.0843
P006,2024-06-25,85,0.8556285517684751,0.208,0.1962,0.2464,0.1319,-0.0605
P006,2024-07-05,80,0.8658317216028757,0.1568,0.1343,0.1662,0.0705,-0.053
P006,2024-07-10,113,1.0,0.1205,0.1161,0.1196,0.0833,-0.0208
P006,2024-07-15,68,0.9143283617243714,0.1295,0.1156,0.1358,0.0786,-0.0537
P007,2022-02-01,91,0.8169691531867781,0.136,0.115,0.1566,0.0827,-0.0413
P007,2022-03-03,83,0.5189468436227385,0.2519,0.213,0.3053,0.1363,-0.0499
P007,2022-03-13,79,0.5496419236043146,0.4111,0.3588,0.4694,0.2364,-0.1109
P007,2022-03-18,80,0.72689500251362,0.5215,0.4473,0.5971,0.279,-0.1143
P007,2022-03-23,93,0.6358702882427735,0.6282,0.5396,0.715,0.3313,-0.1467
P007,2022-04-02,90,0.7182680095379207,0.779,0.6663,0.9017,0.4186,-0.1876
P007,2022-04-07,92,0.5615917810697943,0.7945,0.6737,0.9275,0.4571,-0.1915
P007,2022-04-17,92,0.8588561974978083,0.8386,0.7207,0.968,0.4604,-0.2157
P007,2022-04-27,72,0.7779079265478283,0.8409,0.7203,0.9536,0.4702,-0.1897
P007,2022-05-07,66,1.0,0.8475,0.7102,0.9767,0.4566,-0.2174
P007,2022-05-12,94,0.9520984862420339,0.8347,0.7275,0.9644,0.4546,-0.1838
P007,2022-05-22,103,0.9594137353867115,0.8077,0.6962,0.9531,0.4276,-0.1873
P007,2022-05-27,89,0.8709150325200204,0.8046,0.6675,0.94,0.452,-0.2015
P007,2022-06-01,77,0.6630839871627451,0.7507,0.6335,0.8448,0.4232,-0.1758
P007,2022-06-16,77,0.7992410943121546,0.5515,0.4625,0.6254,0.3159,-0.1385
P007,2022-06-21,94,0.6110882939474261,0.4814,0.4215,0.56,0.2735,-0.1085
P007,2022-06-26,105,0.7309120036522069,0.3706,0.3133,0.4133,0.2007,-0.0793
P007,2022-07-01,111,0.5166240882502597,0.3023,0.2736,0.3468,0.1585,-0.0783
P007,2022-07-06,117,0.9634642724267429,0.2614,0.2182,0.3142,0.1444,-0.051
P007,2022-07-11,107,0.8578639569132505,0.2081,0.1831,0.2427,0.1116,-0.0329
P007,2023-02-01,86,0.645112185275393,0.1218,0.1019,0.1294,0.0523,-0.031
P007,2023-02-06,97,0.6328213460779492,0.1363,0.1211,0.1545,0.0728,-0.0281
P007,2023-02-11,101,0.7082619347314241,0.1406,0.1242,0.1683,0.0755,-0.0343
P007,2023-02-21,90,0.8167413093816933,0.1901,0.1661,0.2214,0.1051,-0.0406
P007,2023-02-26,70,0.8866842007785971,0.225,0.1903,0.2726,0.1265,-0.0499
P007,2023-03-03,119,0.6396372014624521,0.2894,0.253,0.3613,0.1547,-0.0716
P007,2023-03-08,85,0.6767970147657099,0.4074,0.3617,0.4617,0.2184,-0.1177
P007,2023-03-13,98,0.8447707048817893,0.5203,0.4702,0.5946,0.2661,-0.1211
P007,2023-03-18,97,0.944902039583031,0.6247,0.5282,0.7121,0.3415,-0.1486
P007,2023-03-23,90,0.7201752595531692,0.7096,0.5904,0.82,0.3688,-0.1818
P007,2023-03-28,99,0.7954572424399076,0.7392,0.6342,0.8495,0.4206,-0.1756
P007,2023-04-02,68,0.8625635331605365,0.7842,0.6622,0.8884,0.4364,-0.1906
P007,2023-04-07,86,0.6095518087432059,0.8471,0.711,0.9788,0.465,-0.2306
P007,2023-04-12,68,0.6082115172189936,0.8239,0.7138,0.9657,0.4385,-0.2093
P007,2023-04-22,82,0.6760696578263398,0.8386,0.7081,0.9799,0.4567,-0.2024
P007,2023-04-27,77,0.8430118264598526,0.8489,0.7049,0.9656,0.4769,-0.2127
P007,2023-05-07,118,0.7169015890138076,0.851,0.7264,0.9885,0.4366,-0.2211
P007,2023-05-12,112,0.8105064363790088,0.8407,0.7173,0.9637,0.4561,-0.2126
P007,2023-05-17,68,0.6864225146795014,0.8248,0.6937,0.9478,0.4558,-0.1906
P007,2023-05-22,61,0.9347969104897533,0.8031,0.682,0.9215,0.4378,-0.2033
P007,2023-05-27,88,0.7846514965883271,0.7963,0.6792,0.9045,0.4264,-0.1776
P007,2023-06-01,63,0.9646648748383946,0.7442,0.6354,0.8616,0.4077,-0.1892
P007,2023-06-06,72,0.542589274455206,0.7143,0.6063,0.8244,0.4151,-0.1777
P007,2023-06-11,77,1.0,0.6739,0.5815,0.7668,0.3777,-0.1759
P007,2023-06-16,98,0.6977445955148892,0.5762,0.4907,0.644,0.3031,-0.144
P007,2023-06-26,80,0.8571170622829951,0.3796,0.3108,0.453,0.1882,-0.1058
P007,2023-07-01,117,0.9996349877246458,0.2805,0.2416,0.3282,0.1545,-0.0804
P007,2023-07-11,80,0.810262337897962,0.2157,0.1721,0.2513,0.103,-0.051
P007,2024-02-11,65,0.702581269204727,0.1326,0.1017,0.1592,0.0731,-0.0243
P007,2024-02-21,113,0.6366688921889208,0.1919,0.1526,0.2283,0.1098,-0.037
P007,2024-02-26,73,0.7812974372810053,0.2373,0.2137,0.2776,0.1314,-0.0445
P007,2024-03-02,72,0.6243265111833526,0.3063,0.2674,0.3646,0.1679,-0.0635
P007,2024-03-07,92,0.7416819937788128,0.401,0.3404,0.4538,0.2491,-0.1009
P007,2024-03-22,64,0.6360198111982628,0.712,0.615,0.8125,0.3816,-0.1649
P007,2024-03-27,103,0.8275485708241712,0.7399,0.6244,0.8485,0.3973,-0.1949
P007,2024-04-01,105,0.5947918513972883,0.7769,0.6447,0.8956,0.4301,-0.1772
P007,2024-04-06,69,0.7944150884434906,0.8344,0.7124,0.957,0.4679,-0.2008
P007,2024-04-16,86,0.5448369151804411,0.8304,0.6978,0.9487,0.4432,-0.2032
P007,2024-04-21,98,0.6137906351506275,0.8329,0.7108,0.9475,0.4544,-0.2151
P007,2024-05-11,94,0.5620042106482256,0.7357,0.6279,0.855,0.4079,-0.1615
P007,2024-05-16,110,0.7038708352924476,0.7384,0.6245,0.8539,0.3961,-0.1729
P007,2024-05-21,100,0.8530430501656224,0.6269,0.5501,0.7227,0.3434,-0.1416
P007,2024-05-26,65,0.7018530239424416,0.5545,0.4714,0.6397,0.3093,-0.1522
P007,2024-05-31,117,0.6052892335482987,0.466,0.3896,0.5422,0.2542,-0.1145
P007,2024-06-05,79,0.6807536695618582,0.3721,0.3222,0.4339,0.196,-0.0914
P007,2024-06-10,106,0.6460219580786332,0.3283,0.2773,0.3785,0.1787,-0.0824
P007,2024-06-15,97,0.6056054287371073,0.2792,0.2358,0.3194,0.1467,-0.0716
P007,2024-06-20,90,0.7351182397160924,0.1992,0.1733,0.2237,0.1164,-0.046
P007,2024-06-30,88,0.8798725504769729,0.1269,0.115,0.1518,0.0686,-0.0293
P007,2024-07-10,73,0.7772147096925544,0.129,0.1138,0.1401,0.0701,-0.0332
P008,2022-02-01,72,0.7544750680689958,0.1143,0.1027,0.137,0.0551,-0.0231
P008,2022-02-06,74,0.9190414714818448,0.0962,0.0915,0.1036,0.0441,-0.0305
P008,2022-02-16,81,0.8035068958553929,0.1397,0.1262,0.1598,0.089,-0.038
P008,2022-02-26,102,0.6350219329531694,0.2086,0.1808,0.2392,0.1021,-0.0582
P008,2022-03-03,96,0.7802486313951721,0.2569,0.2082,0.2984,0.1395,-0.0297
P008,2022-03-08,98,0.9630041876680656,0.3228,0.256,0.3722,0.2015,-0.0819
P008,2022-03-13,106,0.6906123053384103,0.4154,0.3676,0.4815,0.2184,-0.1107
P008,2022-03-23,60,0.9078634519198756,0.6301,0.5402,0.7113,0.3306,-0.1522
P008,2022-03-28,110,0.7161649468397093,0.7011,0.599,0.7949,0.3733,-0.1762
P008,2022-04-02,89,0.8410580152155828,0.7463,0.6351,0.8508,0.3976,-0.1917
P008,2022-04-12,108,0.43501470214123167,0.8316,0.699,0.9684,0.4583,-0.2221
P008,2022-04-17,106,0.8076500938970111,0.8609,0.7357,0.9863,0.4647,-0.194
P008,2022-04-22,67,0.8732905801663015,0.8391,0.719,0.9549,0.4768,-0.2182
P008,2022-04-27,72,0.44387117240287205,0.8295,0.7083,0.9459,0.4324,-0.202
P008,2022-05-02,86,0.9584340387870093,0.821,0.6953,0.9442,0.4622,-0.194
P008,2022-05-07,60,0.7950922210146805,0.8339,0.7144,0.9577,0.4572,-0.1947
P008,2022-05-12,97,0.8216115860154133,0.7923,0.6906,0.9072,0.4552,-0.1926
P008,2022-05-17,100,0.6465982121673988,0.7977,0.6823,0.9214,0.4622,-0.2061
P008,2022-05-22,63,0.9243694507022994,0.7669,0.6589,0.8723,0.4387,-0.1794
P008,2022-06-11,94,0.7546702279417467,0.4704,0.3914,0.5305,0.2497,-0.1154
P008,2022-06-16,108,0.7823015689933124,0.3706,0.32,0.42,0.2214,-0.0953
P008,2022-06-26,74,0.6314198325415621,0.2391,0.213,0.2576,0.1449,-0.0447
P008,2022-07-01,101,0.7937719151139465,0.2094,0.1892,0.2362,0.1256,-0.0591
P008,2022-07-11,62,0.9236953578848324,0.167,0.1401,0.1793,0.0788,-0.0378
P008,2023-02-11,77,0.8055786103193711,0.1303,0.1132,0.1495,0.071,-0.0264
P008,2023-02-21,74,0.6426213834328149,0.1566,0.1341,0.1651,0.0875,-0.0485
P008,2023-03-03,73,0.820801435256711,0.2937,0.2553,0.32,0.1836,-0.0853
P008,2023-03-08,83,0.8365999112677021,0.3808,0.3151,0.4394,0.2038,-0.0949
P008,2023-03-13,74,0.4442084240141388,0.5017,0.4377,0.5762,0.2701,-0.131
P008,2023-03-23,94,0.8110694704812415,0.6327,0.543,0.7256,0.3342,-0.1573
P008,2023-03-28,118,0.5959154104968512,0.6882,0.5774,0.7998,0.3741,-0.1765
P008,2023-04-02,99,0.8008491765712239,0.7256,0.613,0.8284,0.3728,-0.1717
P008,2023-04-07,70,0.723125101017988,0.7336,0.6222,0.851,0.3848,-0.1893
P008,2023-04-12,113,0.8813483297779952,0.7304,0.5988,0.8248,0.4001,-0.1873
P008,2023-04-22,74,0.7968809870973869,0.7729,0.6617,0.8819,0.4338,-0.197
P008,2023-04-27,112,0.5056503652409551,0.7592,0.6613,0.8749,0.4329,-0.2006
P008,2023-05-02,111,0.5757149667600282,0.763,0.651,0.8781,0.4141,-0.2009
P008,2023-05-07,60,0.6801619830617099,0.7521,0.6324,0.8804,0.4127,-0.1753
P008,2023-05-12,67,0.7867164425697986,0.7429,0.6309,0.8374,0.4257,-0.1871
P008,2023-05-17,111,0.7252733427630353,0.7635,0.6403,0.8904,0.4236,-0.1872
P008,2023-05-22,77,0.9234511945348535,0.729,0.6273,0.8241,0.3926,-0.1923
P008,2023-05-27,100,0.5414231349554108,0.7069,0.599,0.798,0.3882,-0.1933
P008,2023-06-01,106,0.806694393905111,0.6964,0.611,0.8093,0.3779,-0.1659
P008,2023-06-06,68,0.7999713798112665,0.6325,0.5161,0.727,0.3356,-0.1571
P008,2023-06-16,81,0.7528991135501084,0.5131,0.4502,0.5902,0.273,-0.1307
P008,2023-06-21,83,0.8384775369472909,0.4338,0.3934,0.4926,0.2354,-0.1142
P008,2023-07-01,61,0.7419937733357234,0.312,0.2761,0.3526,0.1834,-0.0726
P008,2023-07-06,109,1.0,0.2368,0.1931,0.2753,0.1212,-0.0413
P008,2023-07-11,69,0.6482475181738284,0.1649,0.1453,0.1922,0.0845,-0.0336
P008,2024-02-01,115,0.4891776806218603,0.1255,0.0961,0.1475,0.0674,-0.0306
P008,2024-02-06,113,0.5719015336406589,0.1257,0.1044,0.1464,0.0607,-0.0171
P008,2024-02-11,70,1.0,0.1213,0.0881,0.1394,0.0711,-0.0395
P008,2024-02-21,70,0.853583597741138,0.1363,0.1264,0.1595,0.0527,-0.0437
P008,2024-02-26,87,0.3458996073461268,0.1762,0.1622,0.2039,0.0871,-0.0341
P008,2024-03-07,67,0.8037528976521054,0.2868,0.2616,0.3461,0.1621,-0.0671
P008,2024-03-12,116,0.8466222505727974,0.3371,0.2792,0.3909,0.1827,-0.0793
P008,2024-04-06,80,0.6152569929353495,0.7693,0.6583,0.8836,0.4428,-0.1892
P008,2024-04-11,85,0.8043889499544898,0.7789,0.6531,0.8714,0.4227,-0.1871
P008,2024-04-16,111,0.8701767558422594,0.8245,0.7023,0.961,0.4499,-0.2014
P008,2024-04-21,118,0.49400440404985835,0.8239,0.6958,0.956,0.4717,-0.2036
P008,2024-05-01,86,0.804533769759189,0.8438,0.7248,0.9791,0.4598,-0.2077
P008,2024-05-11,85,0.756620834499839,0.822,0.6981,0.9508,0.4507,-0.2036
P008,2024-05-16,95,0.9445585794736738,0.7841,0.6551,0.8974,0.4324,-0.1761
P008,2024-05-21,69,0.6673774623999309,0.7808,0.6803,0.8698,0.4174,-0.1679
P008,2024-05-26,78,0.584102257599117,0.7252,0.616,0.8346,0.409,-0.1629
P008,2024-05-31,81,0.8680626663147306,0.6417,0.5385,0.7276,0.3318,-0.1761
P008,2024-06-15,77,0.5700897261263947,0.3939,0.3034,0.4426,0.211,-0.1045
P008,2024-06-20,84,0.8821385194798796,0.3156,0.2681,0.3626,0.1636,-0.0795
P008,2024-06-25,63,0.7755036471381855,0.2695,0.2267,0.3005,0.1601,-0.0631
P008,2024-06-30,75,0.7374266217747054,0.1988,0.1603,0.2293,0.1019,-0.0592
P008,2024-07-15,83,0.645801096993171,0.1513,0.1538,0.1829,0.0989,-0.0299
P009,2022-02-01,118,0.6977119551067519,0.1294,0.1019,0.1543,0.0763,-0.0379
P009,2022-02-06,84,0.61757017281786,0.1267,0.1018,0.162,0.0801,-0.0352
P009,2022-03-03,86,0.7870653847245631,0.1943,0.1765,0.2203,0.0942,-0.0453
P009,2022-03-08,85,0.7265904748767146,0.2483,0.2082,0.308,0.1097,-0.066
P009,2022-03-23,91,0.7428368072267189,0.5319,0.4494,0.6105,0.2913,-0.1337
P009,2022-04-02,87,0.8629818097241797,0.6875,0.572,0.7801,0.3571,-0.1632
P009,2022-04-07,80,0.5355752642454797,0.731,0.6392,0.8345,0.404,-0.1742
P009,2022-04-17,86,0.7768757661901311,0.7616,0.676,0.8789,0.4382,-0.1784
P009,2022-04-22,102,0.9089630416227352,0.7824,0.6501,0.9158,0.4327,-0.2221
P009,2022-05-02,111,0.7144464190440349,0.7883,0.6772,0.898,0.4179,-0.1978
P009,2022-05-07,102,0.9340936719963289,0.7627,0.6398,0.8802,0.4203,-0.2062
P009,2022-05-12,107,0.7517866524372947,0.7364,0.6458,0.8527,0.3843,-0.2152
P009,2022-05-17,62,0.9211898954265554,0.6851,0.5736,0.7914,0.387,-0.1758
P009,2022-05-22,83,0.7537894246647586,0.6376,0.5474,0.7331,0.3624,-0.164
P009,2022-06-01,79,0.664733687442338,0.4942,0.4194,0.5691,0.2672,-0.1237
P009,2022-06-06,102,0.776222899053121,0.3994,0.3159,0.4781,0.2179,-0.094
P009,2022-06-11,82,0.6491526200519379,0.3357,0.3,0.3801,0.1937,-0.0904
P009,2022-06-16,63,0.7131674752198971,0.2592,0.2331,0.2792,0.1268,-0.0843
P009,2022-06-21,97,0.5078278118864417,0.2212,0.1807,0.2342,0.1094,-0.0433
P009,2022-07-06,73,0.5195872561432914,0.146,0.1127,0.1675,0.0907,-0.0275
P009,2023-02-01,101,0.9889092684029352,0.1476,0.1237,0.1815,0.0879,-0.0516
P009,2023-02-06,99,0.6249606175395155,0.1046,0.0803,0.1194,0.0649,-0.0136
P009,2023-02-11,95,0.43766381345551886,0.1275,0.1091,0.1469,0.0723,-0.0108
P009,2023-02-16,115,0.8677591377374979,0.1532,0.1206,0.171,0.0831,-0.046
P009,2023-02-26,78,0.9295225063644187,0.1703,0.1457,0.1785,0.093,-0.0398
P009,2023-03-13,96,0.7780712980155323,0.343,0.2784,0.3803,0.2021,-0.0738
P009,2023-03-23,108,0.8525443094219581,0.5598,0.4667,0.6611,0.3143,-0.1438
P009,2023-03-28,73,0.7885175672270786,0.6353,0.5233,0.7376,0.338,-0.1551
P009,2023-04-02,86,0.6364635190852402,0.6741,0.5713,0.7941,0.3874,-0.165
P009,2023-04-07,68,0.8766301786039328,0.7207,0.6239,0.8205,0.3955,-0.1984
P009,2023-04-17,88,0.43124848126454757,0.7457,0.6399,0.8485,0.4022,-0.1802
P009,2023-04-27,68,0.6525591551097504,0.7497,0.6385,0.8581,0.399,-0.1908
P009,2023-05-02,61,0.5379737102627722,0.7244,0.6256,0.8057,0.3931,-0.1873
P009,2023-05-07,105,0.8342492711704104,0.723,0.6258,0.8243,0.4047,-0.1788
P009,2023-05-12,104,0.5341837309139701,0.6763,0.579,0.7816,0.3752,-0.174
P009,2023-05-22,109,0.7401256816989116,0.5809,0.4882,0.6613,0.3247,-0.1345
P009,2023-05-27,116,0.7574610998166897,0.5165,0.4301,0.5914,0.2805,-0.1361
P009,2023-06-01,63,0.7851969281557138,0.4529,0.369,0.5043,0.2542,-0.1214
P009,2023-06-21,81,0.7499058399229912,0.1893,0.1644,0.2135,0.0929,-0.0524
P009,2023-06-26,112,0.8825118261135885,0.1715,0.138,0.2081,0.0895,-0.0533
P009,2023-07-01,106,0.7318847134988989,0.1426,0.1195,0.1722,0.0558,-0.024
P009,2024-02-01,89,1.0,0.1163,0.0961,0.1461,0.0644,-0.0249
P009,2024-02-21,82,0.7649565564486136,0.1663,0.1391,0.1983,0.1071,-0.0513
P009,2024-02-26,70,0.5345640872530719,0.2202,0.2075,0.2563,0.1269,-0.0685
P009,2024-03-02,96,0.7120863464198363,0.2543,0.2269,0.3156,0.1285,-0.0738
P009,2024-03-12,62,0.9063532975544526,0.472,0.3999,0.5432,0.2498,-0.1091
P009,2024-03-17,61,0.8413184657293885,0.5632,0.4768,0.6453,0.3099,-0.1328
P009,2024-03-27,114,0.87049713354364,0.6925,0.5867,0.7893,0.3887,-0.1714
P009,2024-04-01,111,0.737565446477767,0.7432,0.6266,0.8695,0.4145,-0.1721
P009,2024-04-16,99,0.7517894299794851,0.7874,0.6694,0.8918,0.4266,-0.2001
P009,2024-04-26,79,0.8203304403812828,0.7776,0.6591,0.8656,0.4219,-0.1836
P009,2024-05-01,95,0.766903680062331,0.7746,0.6742,0.8831,0.426,-0.2067
P009,2024-05-06,84,0.7569940264191027,0.7661,0.6647,0.8876,0.4108,-0.198
P009,2024-05-11,82,0.656381841740559,0.7552,0.6208,0.868,0.3976,-0.1726
P009,2024-05-16,96,0.6452051378006319,0.7453,0.6146,0.8462,0.4221,-0.164
P009,2024-05-21,93,0.7361936192068457,0.7208,0.6084,0.8194,0.4212,-0.1821
P009,2024-05-31,64,0.6501071406361062,0.6432,0.5401,0.7389,0.3531,-0.1309
P009,2024-06-15,96,0.7497641993296206,0.4023,0.3431,0.4522,0.2226,-0.0955
P009,2024-06-20,62,0.9618911850954348,0.3329,0.2924,0.3836,0.169,-0.0892
P009,2024-07-05,84,0.6096400201223473,0.1734,0.1355,0.1829,0.0925,-0.058
P010,2022-02-01,64,0.6186113378877397,0.1299,0.1094,0.1636,0.0919,-0.0177
P010,2022-02-11,99,0.8230742726738505,0.1219,0.0912,0.1253,0.0699,-0.0252
P010,2022-02-21,77,0.6023021122511436,0.1668,0.1407,0.1768,0.0677,-0.0343
P010,2022-02-26,115,0.8808747753214581,0.1908,0.1733,0.2133,0.112,-0.0543
P010,2022-03-08,104,0.6839866484119302,0.2746,0.2532,0.3006,0.1556,-0.0786
P010,2022-03-13,68,0.7947646854262599,0.411,0.3531,0.4631,0.2168,-0.0935
P010,2022-03-18,80,0.6153868918842851,0.5152,0.4413,0.6168,0.2846,-0.1142
P010,2022-03-23,61,0.743687092254542,0.6401,0.5503,0.7401,0.3429,-0.1681
P010,2022-03-28,68,0.976821533718288,0.7331,0.6412,0.8444,0.3995,-0.1698
P010,2022-04-07,96,0.5949546501721633,0.8477,0.7255,0.9731,0.4659,-0.2012
P010,2022-04-12,60,0.46026958404399504,0.8849,0.7547,1.0245,0.4684,-0.2278
P010,2022-04-17,104,0.7532547256589874,0.8934,0.7756,1.0476,0.4816,-0.2181
P010,2022-04-22,70,0.8098469452108851,0.9161,0.7817,1.0703,0.5171,-0.2396
P010,2022-05-02,70,0.7972450930727684,0.9017,0.7777,1.0388,0.4983,-0.2242
P010,2022-05-12,98,0.5720328032711164,0.8871,0.7684,1.0252,0.4875,-0.2274
P010,2022-05-17,63,0.898715413997627,0.8763,0.7366,1.0077,0.4924,-0.2384
P010,2022-05-22,75,0.7299255213367449,0.844,0.7124,0.9719,0.4873,-0.2142
P010,2022-05-27,114,1.0,0.8211,0.6924,0.9624,0.4516,-0.1874
P010,2022-06-01,73,0.740155397717012,0.7539,0.6346,0.8678,0.4254,-0.1886
P010,2022-06-06,61,0.9582222424792647,0.6874,0.5811,0.788,0.39,-0.1596
P010,2022-06-16,65,0.9791298097135882,0.492,0.4297,0.5533,0.2674,-0.1323
P010,2022-06-26,88,0.5366099026825475,0.3298,0.2641,0.371,0.1848,-0.0762
P010,2022-07-01,68,0.8377376999620056,0.2671,0.2388,0.2895,0.1612,-0.0699
P010,2022-07-06,71,0.5514861859855194,0.209,0.1777,0.2427,0.1288,-0.0681
P010,2023-02-01,73,0.7448960995975387,0.1179,0.1132,0.1372,0.0624,-0.0382
P010,2023-02-06,111,0.5955596107672831,0.1389,0.1109,0.1655,0.0541,-0.022
P010,2023-02-11,96,0.8337175517924481,0.1505,0.1263,0.1624,0.0811,-0.0474
P010,2023-02-16,107,0.8710169745822153,0.1257,0.1216,0.1482,0.0802,-0.0344
P010,2023-02-21,91,0.6920290690924636,0.1724,0.1492,0.1876,0.0842,-0.0367
P010,2023-03-03,92,0.8505921465759632,0.2487,0.206,0.2861,0.1538,-0.0541
P010,2023-03-08,118,0.6444180988425303,0.3162,0.2589,0.3564,0.1709,-0.1026
P010,2023-03-18,96,0.8675639651096698,0.5352,0.4584,0.6094,0.3014,-0.1266
P010,2023-03-28,69,0.5864010038446072,0.7444,0.6253,0.8568,0.3981,-0.1912
P010,2023-04-02,64,0.7756670847796906,0.8139,0.6961,0.94,0.4478,-0.2189
P010,2023-04-12,76,0.7612471826984755,0.8579,0.7434,0.9947,0.46,-0.2077
P010,2023-04-22,70,0.8773298883953158,0.8964,0.7603,1.0167,0.4985,-0.2219
P010,2023-04-27,67,0.6421371781667307,0.9133,0.7824,1.0498,0.5043,-0.2247
P010,2023-05-02,67,0.6158575467176922,0.8657,0.7138,1.0012,0.4616,-0.2151
P010,2023-05-07,94,0.5693974629245911,0.8819,0.7489,1.0308,0.5056,-0.2106
P010,2023-05-17,69,0.857793243808658,0.8622,0.7313,0.9971,0.4666,-0.2173
P010,2023-05-22,75,0.8240584071690372,0.8111,0.6837,0.9194,0.4656,-0.1779
P010,2023-05-27,92,0.5514011857904835,0.773,0.6493,0.894,0.4412,-0.2054
P010,2023-06-01,99,0.8796867676928812,0.7155,0.6048,0.8072,0.401,-0.1676
P010,2023-06-06,92,0.8107860136959647,0.6449,0.5434,0.7332,0.367,-0.1574
P010,2023-06-11,73,0.591773649852214,0.5584,0.4692,0.6438,0.3004,-0.1318
P010,2023-06-16,119,0.6011200788754216,0.4637,0.3948,0.5349,0.2662,-0.112
P010,2023-07-01,68,0.7933257527489064,0.2425,0.2028,0.2958,0.1495,-0.0543
P010,2023-07-06,100,0.7368061423528234,0.1926,0.1511,0.2193,0.1071,-0.0459
P010,2023-07-11,90,0.64617688924607,0.1801,0.1462,0.2216,0.1083,-0.0489
P010,2024-02-01,64,0.7241217021024023,0.1532,0.1107,0.1728,0.0843,-0.0366
P010,2024-02-06,91,0.7103484454101494,0.1273,0.1111,0.1564,0.0689,-0.0286
P010,2024-02-11,99,0.6529861625280643,0.137,0.1217,0.152,0.08,-0.034
P010,2024-02-16,106,0.673781851137647,0.1161,0.0822,0.1374,0.0666,-0.0205
P010,2024-02-26,64,0.693039607822555,0.1863,0.1496,0.2044,0.0817,-0.0313
P010,2024-03-02,89,0.615586678833633,0.2136,0.1997,0.2422,0.1143,-0.039
P010,2024-03-12,69,0.7873083390478529,0.3576,0.3,0.4051,0.1745,-0.0922
P010,2024-03-17,64,0.7530462009840608,0.4747,0.3936,0.5482,0.2733,-0.1144
P010,2024-03-22,71,0.6304563520078191,0.5351,0.4635,0.584,0.2989,-0.1081
P010,2024-03-27,66,0.748813351481291,0.672,0.5665,0.7831,0.3753,-0.1665
P010,2024-04-01,61,0.7525126063607613,0.6921,0.6201,0.7974,0.383,-0.1901
P010,2024-04-06,94,0.5496814724460192,0.7846,0.6453,0.9026,0.448,-0.1957
P010,2024-05-01,79,0.9201798673045828,0.8375,0.7195,0.9744,0.4676,-0.2028
P010,2024-05-11,102,0.5248410849567728,0.8189,0.6887,0.9404,0.455,-0.2015
P010,2024-05-21,117,0.6191422337559311,0.8023,0.6843,0.9142,0.439,-0.1974
P010,2024-05-31,86,0.6606445086879891,0.7366,0.6454,0.8436,0.4067,-0.189
P010,2024-06-05,91,0.734252294054118,0.6403,0.5457,0.7484,0.3592,-0.1606
P010,2024-06-10,94,0.7976115673199132,0.5704,0.486,0.6577,0.3295,-0.1486
P010,2024-06-15,66,0.5193835576310039,0.4912,0.4057,0.5597,0.2695,-0.1051
P010,2024-06-20,78,0.6408029271953827,0.3927,0.3475,0.4628,0.2163,-0.1026
P010,2024-06-25,93,0.601000930991297,0.3309,0.2851,0.4032,0.1844,-0.0905
P010,2024-06-30,98,0.5408826234369879,0.2688,0.2354,0.3202,0.1441,-0.071
P011,2022-02-01,99,0.8354561822284046,0.1324,0.1122,0.1623,0.0857,-0.0266
P011,2022-02-06,100,0.7087718843954274,0.1207,0.1104,0.1386,0.08,-0.017
P011,2022-02-11,117,0.930831084672043,0.1335,0.1031,0.1584,0.0661,-0.0499
P011,2022-02-16,118,0.8191113015177696,0.1352,0.1351,0.1573,0.1037,-0.032
P011,2022-02-21,111,0.5580914868117756,0.1581,0.1455,0.1768,0.0792,-0.0267
P011,2022-02-26,87,0.6956713298917528,0.1817,0.154,0.2084,0.1093,-0.0299
P011,2022-03-13,118,0.7147800908828372,0.3655,0.3189,0.4374,0.225,-0.0795
P011,2022-03-18,87,0.8364104255342086,0.4601,0.4078,0.5335,0.2585,-0.1145
P011,2022-03-23,114,0.7256798240034124,0.5379,0.4586,0.6358,0.293,-0.1339
P011,2022-03-28,69,0.9550018768077424,0.6487,0.5676,0.748,0.3637,-0.1637
P011,2022-04-02,92,0.7970947728748822,0.7135,0.607,0.8219,0.3978,-0.1813
P011,2022-04-07,109,1.0,0.7706,0.6429,0.8735,0.4123,-0.1937
P011,2022-04-12,79,0.8386879413072408,0.7582,0.6462,0.8772,0.4087,-0.192
P011,2022-04-17,99,0.5758034692916106,0.7686,0.6421,0.8916,0.4257,-0.186
P011,2022-05-02,81,0.3331995537500924,0.7786,0.6741,0.8772,0.4384,-0.2035
P011,2022-05-12,67,0.8543065721790972,0.7482,0.6179,0.8648,0.4091,-0.1858
P011,2022-05-17,96,0.8670811664244751,0.7007,0.5811,0.8182,0.3805,-0.1892
P011,2022-05-22,60,1.0,0.6969,0.6046,0.7934,0.3823,-0.173
P011,2022-05-27,67,0.8156276570050672,0.6224,0.5308,0.7137,0.3417,-0.1425
P011,2022-06-11,67,0.5396856005935853,0.3899,0.3239,0.4633,0.212,-0.0904
P011,2022-06-26,101,0.6777839965664236,0.2163,0.1857,0.2438,0.0935,-0.0449
P011,2022-07-11,101,0.7835839060602087,0.1541,0.1471,0.1792,0.0682,-0.0363
P011,2023-02-06,71,1.0,0.1185,0.1001,0.1228,0.049,-0.0219
P011,2023-02-21,106,0.7262551239825412,0.1841,0.1491,0.2077,0.0869,-0.0261
P011,2023-02-26,62,0.8466771133023294,0.2011,0.1655,0.2207,0.1078,-0.0393
P011,2023-03-08,91,0.8248533901076616,0.3802,0.3396,0.4407,0.2168,-0.0879
P011,2023-03-18,61,0.5874155565591525,0.5653,0.4672,0.658,0.3144,-0.1405
P011,2023-03-28,69,1.0,0.7363,0.6114,0.8386,0.3785,-0.1805
P011,2023-04-07,78,0.5441228674238404,0.8022,0.6896,0.9296,0.463,-0.2074
P011,2023-04-12,61,0.6997441465897023,0.8017,0.6762,0.9266,0.4531,-0.1905
P011,2023-04-17,70,0.8997701856934499,0.8103,0.6883,0.9286,0.4372,-0.2082
P011,2023-04-22,77,0.7761917771251807,0.7949,0.673,0.9385,0.4528,-0.2059
P011,2023-04-27,114,0.7178633184943635,0.815,0.6942,0.9303,0.4535,-0.1892
P011,2023-05-07,88,0.6844806659838255,0.7981,0.6984,0.9278,0.4503,-0.2022
P011,2023-05-17,62,0.8672610342071726,0.803,0.6875,0.9363,0.4391,-0.2022
P011,2023-05-22,87,0.5294676566853782,0.7817,0.6718,0.8987,0.4172,-0.2163
P011,2023-05-27,65,0.9671569474911105,0.7798,0.6796,0.9003,0.4524,-0.1954
P011,2023-06-01,78,0.6728101741073778,0.7128,0.5991,0.7991,0.4075,-0.1846
P011,2023-06-06,108,0.5730042477580987,0.6991,0.5922,0.8216,0.4096,-0.1914
P011,2023-06-16,62,0.792989032094089,0.5754,0.4827,0.6624,0.3107,-0.1277
P011,2023-06-21,117,0.8504735131374657,0.4768,0.3786,0.5476,0.2872,-0.1059
P011,2023-06-26,82,0.5697720801121918,0.3824,0.3421,0.4422,0.2011,-0.0953
P011,2023-07-01,71,0.5872558044815135,0.302,0.257,0.3557,0.1428,-0.0793
P011,2023-07-06,91,0.784377425217626,0.245,0.2089,0.2989,0.132,-0.063
P011,2023-07-11,112,0.5510476997925984,0.2106,0.1768,0.2376,0.1142,-0.0442
P011,2024-02-01,63,0.714347454239208,0.126,0.1054,0.1318,0.0569,-0.0368
P011,2024-02-16,105,0.9339802118409893,0.1474,0.1408,0.1821,0.0709,-0.0418
P011,2024-03-02,91,0.9010948601037169,0.2322,0.1917,0.2692,0.1388,-0.0697
P011,2024-03-07,86,0.5828415520423927,0.3457,0.284,0.3919,0.1959,-0.0896
P011,2024-03-27,67,0.7381193938517983,0.7026,0.5952,0.8117,0.3621,-0.1703
P011,2024-04-01,88,0.7315985668327919,0.7772,0.6595,0.9013,0.4472,-0.1846
P011,2024-04-06,101,1.0,0.8073,0.6924,0.9168,0.4474,-0.2146
P011,2024-04-11,114,0.6066176117958112,0.8166,0.6949,0.9305,0.4426,-0.1893
P011,2024-04-21,119,0.46924477704008455,0.8238,0.6877,0.9485,0.4649,-0.2116
P011,2024-04-26,104,0.642374936665766,0.8261,0.6998,0.9392,0.4662,-0.1855
P011,2024-05-01,107,0.9397169770575052,0.8127,0.6763,0.9403,0.4616,-0.2024
P011,2024-05-06,84,1.0,0.8205,0.7169,0.943,0.4449,-0.2143
P011,2024-05-11,60,0.7121138943013197,0.7829,0.6665,0.8953,0.434,-0.1701
P011,2024-05-21,118,0.9022997736572779,0.7159,0.6109,0.8376,0.3957,-0.1814
P011,2024-05-26,71,0.4746451964359346,0.6605,0.5652,0.746,0.3783,-0.1648
P011,2024-05-31,82,0.6234217387193492,0.5935,0.5107,0.6744,0.3146,-0.1365
P011,2024-06-05,60,0.8462149477100575,0.4973,0.4228,0.5757,0.2637,-0.1036
P011,2024-06-10,68,0.9834024490424966,0.4042,0.3417,0.4729,0.2311,-0.0896
P011,2024-06-20,68,0.8021337890313245,0.2722,0.2288,0.3134,0.1434,-0.0715
P011,2024-06-25,119,0.5993648210804694,0.205,0.1649,0.2519,0.1203,-0.0301
P011,2024-06-30,62,0.6508984584342293,0.1779,0.1526,0.1868,0.1061,-0.0412
P011,2024-07-10,90,0.615786901894785,0.1534,0.1377,0.1647,0.0905,-0.0176
P012,2022-02-01,84,0.5799462471679799,0.1318,0.1245,0.149,0.0617,-0.031
P012,2022-02-26,86,0.9139307427139068,0.2245,0.1987,0.2724,0.1308,-0.0545
P012,2022-03-03,84,0.7549869774516992,0.2971,0.2698,0.3579,0.1633,-0.0788
P012,2022-03-08,75,0.8700627536872821,0.4071,0.3492,0.465,0.2279,-0.102
P012,2022-03-13,97,0.7898136068459412,0.5082,0.4282,0.5935,0.295,-0.1174
P012,2022-03-18,60,0.8633732256282558,0.5721,0.487,0.6455,0.3227,-0.1416
P012,2022-03-28,79,0.787375575193227,0.6828,0.582,0.7752,0.3547,-0.1794
P012,2022-04-02,107,0.4341691082686524,0.7265,0.6121,0.8331,0.397,-0.1883
P012,2022-04-07,94,0.8493217922235905,0.7559,0.6369,0.8686,0.4154,-0.1966
P012,2022-04-12,119,0.9015786030490069,0.7499,0.6332,0.8514,0.4119,-0.1863
P012,2022-04-17,116,0.8801969901522391,0.7564,0.6475,0.8922,0.431,-0.1746
P012,2022-04-22,75,0.8637234392661897,0.7468,0.6364,0.8685,0.404,-0.1856
P012,2022-04-27,119,0.6522136367970269,0.7506,0.6311,0.8673,0.4112,-0.2069
P012,2022-05-02,113,0.5779100262807805,0.7744,0.6494,0.8947,0.4286,-0.183
P012,2022-05-07,95,0.8412594287188684,0.7451,0.6354,0.8679,0.4208,-0.1825
P012,2022-05-12,87,0.3981317636244905,0.7172,0.6067,0.8217,0.4083,-0.1636
P012,2022-05-17,63,0.5742832220960596,0.702,0.5853,0.805,0.3823,-0.1911
P012,2022-06-01,67,0.6849817005333202,0.5727,0.4864,0.6583,0.3352,-0.1715
P012,2022-06-06,91,0.5871644647626746,0.478,0.4037,0.5484,0.255,-0.1188
P012,2022-06-11,97,0.7145600332453497,0.4216,0.3538,0.4831,0.2318,-0.1228
P012,2022-06-16,92,0.9392302612216576,0.3224,0.2799,0.3824,0.1652,-0.0843
P012,2022-06-21,92,0.6442213186606011,0.2603,0.2338,0.3143,0.1294,-0.0697
P012,2022-07-11,65,0.45764421466231137,0.1429,0.117,0.1659,0.0836,-0.0371
P012,2023-02-01,91,1.0,0.1248,0.11,0.1365,0.0673,-0.0261
P012,2023-02-06,118,0.6518589471023503,0.1325,0.116,0.1488,0.0674,-0.0465
P012,2023-02-11,71,0.7228164841812138,0.1549,0.1284,0.1801,0.0942,-0.0317
P012,2023-02-16,105,0.6649502496088138,0.155,0.1213,0.1723,0.0855,-0.0466
P012,2023-02-21,70,0.6051814983132203,0.1796,0.1361,0.2147,0.0931,-0.0533
P012,2023-02-26,87,0.9562361567201951,0.1903,0.1577,0.2167,0.1175,-0.0657
P012,2023-03-03,62,1.0,0.2424,0.179,0.2778,0.1247,-0.0632
P012,2023-03-18,80,0.7241722258057314,0.4955,0.4263,0.558,0.2528,-0.1039
P012,2023-03-23,119,0.7293970519620716,0.6076,0.5125,0.7043,0.3555,-0.1461
P012,2023-03-28,94,0.6901552837009626,0.6674,0.5646,0.7503,0.3769,-0.1777
P012,2023-04-17,102,0.5652079166873698,0.7552,0.6482,0.8635,0.4023,-0.1917
P012,2023-04-27,100,0.6322038611046401,0.7409,0.6471,0.8388,0.4269,-0.1954
P012,2023-05-02,93,0.6764705829782971,0.7318,0.6186,0.8496,0.4205,-0.171
P012,2023-05-07,88,0.6326883189497456,0.7225,0.6042,0.8194,0.3921,-0.1781
P012,2023-05-12,83,0.7430469446128851,0.6798,0.593,0.793,0.3669,-0.1839
P012,2023-05-27,95,1.0,0.5201,0.4248,0.6073,0.2848,-0.1333
P012,2023-06-01,60,0.8393621860067575,0.4426,0.383,0.5268,0.2555,-0.1166
P012,2023-06-06,86,0.9709836518459205,0.3831,0.3178,0.4553,0.217,-0.0925
P012,2023-06-16,104,0.7476793855744797,0.2382,0.1988,0.2809,0.1293,-0.0675
P012,2023-07-01,66,0.5686318042978566,0.1434,0.1392,0.1804,0.0895,-0.0397
P012,2023-07-06,78,0.9573491168844697,0.1371,0.113,0.1514,0.0979,-0.0348
P012,2023-07-11,116,0.8277277324176753,0.1185,0.1214,0.1366,0.062,-0.0413
P012,2024-02-01,89,0.7871335477033191,0.1413,0.1205,0.1571,0.077,-0.034
P012,2024-02-06,75,0.5991672088657618,0.1386,0.1412,0.1699,0.0795,-0.0229
P012,2024-02-11,91,0.36634803932489907,0.1281,0.1049,0.1336,0.0676,-0.03
P012,2024-02-16,110,0.8099446029240107,0.1215,0.1034,0.1432,0.0606,-0.0165
P012,2024-02-26,108,0.6314417019476665,0.1638,0.1466,0.1877,0.0861,-0.0346
P012,2024-03-02,90,0.2905697815238539,0.1893,0.1736,0.2299,0.1267,-0.0475
P012,2024-03-07,119,0.6870624236023498,0.2345,0.1995,0.2597,0.1488,-0.0362
P012,2024-03-17,70,0.9819650844234077,0.4025,0.3429,0.46,0.2272,-0.1065
P012,2024-04-01,66,0.913063078387865,0.6468,0.5488,0.7555,0.3534,-0.1631
P012,2024-04-06,79,0.6186240068965363,0.6949,0.5858,0.7991,0.3836,-0.1908
P012,2024-04-16,73,0.6932492948214146,0.7291,0.6175,0.8401,0.3995,-0.1926
P012,2024-04-21,67,0.5923236079099364,0.7588,0.6412,0.8588,0.4286,-0.1906
P012,2024-05-01,108,0.6933321771238875,0.7445,0.6208,0.8459,0.392,-0.1968
P012,2024-05-11,105,0.6245547870066117,0.7528,0.6475,0.8554,0.4145,-0.1877
P012,2024-05-16,108,0.8445637931970248,0.7217,0.6075,0.8368,0.4226,-0.1967
P012,2024-05-21,89,0.6874367659287074,0.7282,0.6157,0.8244,0.4174,-0.1963
P012,2024-05-31,106,0.7454722714281221,0.6757,0.5645,0.7635,0.3689,-0.1765
P012,2024-06-05,118,0.8719553605331433,0.635,0.5409,0.7321,0.3665,-0.1631
P012,2024-06-10,94,0.667835455747969,0.5654,0.4786,0.6493,0.301,-0.1616
P012,2024-06-15,105,0.7704387459380239,0.5143,0.4491,0.611,0.292,-0.1147
P012,2024-06-20,83,1.0,0.4147,0.371,0.4864,0.2366,-0.1057
P012,2024-06-30,61,0.6419477943960977,0.2764,0.233,0.2943,0.1727,-0.0713
P012,2024-07-05,78,0.9686680042067104,0.2329,0.2009,0.2822,0.1132,-0.0342
P012,2024-07-10,80,0.9637618998938168,0.1852,0.1457,0.2101,0.1192,-0.065
P012,2024-07-15,105,0.8298264239767731,0.1655,0.1604,0.1745,0.1103,-0.047
