date,tmax,tmin,rh,u2,rs,rain,et0
2022-01-01,6.52,-2.61,80.75,2.96,8.02,0.0,0.9514534098049509
2022-01-02,4.17,-6.99,71.34,2.03,10.57,0.0,0.9911893078920164
2022-01-03,4.61,-3.35,87.15,2.38,6.92,0.0,0.7037687715857199
2022-01-04,5.2,-5.55,82.64,1.3,6.79,0.12,0.7197857008433589
2022-01-05,3.05,-1.01,89.68,0.66,5.34,1.34,0.6047372621363026
2022-01-06,4.2,-2.88,85.64,1.07,3.43,0.03,0.5856830004254411
2022-01-07,5.81,-2.5,85.47,1.61,4.61,0.0,0.6847473019294413
2022-01-08,6.34,-1.67,85.61,1.63,6.66,0.0,0.7731928273723155
2022-01-09,6.79,-1.08,87.85,1.12,4.67,0.0,0.6679702270528738
2022-01-10,3.04,-4.29,84.86,2.38,3.09,0.7,0.6158725854543788
2022-01-11,4.56,-5.28,74.46,1.51,10.11,0.0,0.9497179522250935
2022-01-12,2.21,-5.98,84.67,2.88,1.41,0.02,0.5615771900266492
2022-01-13,2.0,-10.3,62.75,1.78,11.49,0.0,1.0133748789237198
2022-01-14,3.7,-6.57,71.38,4.61,7.44,0.0,1.1296784456436928
2022-01-15,6.13,-4.51,77.48,2.76,8.53,0.0,1.0199299554207104
2022-01-16,4.76,-7.28,64.39,1.67,10.98,0.0,1.125164383793047
2022-01-17,4.78,-5.2,64.49,1.9,10.83,0.0,1.2002605114404734
2022-01-18,6.83,-4.96,85.49,3.14,6.4,0.0,0.7993160499372739
2022-01-19,3.78,-4.45,85.57,3.09,5.3,0.0,0.7048171231873949
2022-01-20,0.48,-8.13,79.36,2.23,3.81,0.0,0.635640639473884
2022-01-21,3.95,-4.55,78.02,0.97,6.38,0.83,0.7669347249200712
2022-01-22,2.77,-2.26,87.25,2.2,2.66,5.98,0.5854437789834667
2022-01-23,2.6,-3.23,85.81,3.67,2.46,0.62,0.6347313490783398
2022-01-24,0.86,-4.49,77.15,1.94,7.88,0.15,0.8441438293527452
2022-01-25,4.53,-4.04,79.55,1.0,6.86,0.0,0.8054424902805718
2022-01-26,2.62,-6.35,75.97,2.5,9.73,0.0,0.9659051789701544
2022-01-27,3.62,-4.12,75.93,2.51,9.78,0.0,1.0484833894837073
2022-01-28,2.93,-4.83,75.25,1.51,7.54,0.0,0.8873941340933426
2022-01-29,5.18,-5.35,65.31,1.12,8.99,0.0,1.0669431424179572
2022-01-30,5.5,-4.89,75.35,2.23,9.01,0.0,1.072166517753617
2022-01-31,4.51,-4.47,61.2,2.74,14.63,0.0,1.5659324017329168
2022-02-01,2.01,-8.67,63.29,2.19,12.99,0.0,1.2096434001723124
2022-02-02,5.84,-5.88,61.43,1.17,12.44,0.0,1.288507817249811
2022-02-03,6.7,-3.09,60.47,1.3,10.48,0.0,1.3451005814914956
2022-02-04,1.82,-4.16,59.17,3.77,13.61,0.15,1.5809536507543953
2022-02-05,3.02,-8.63,52.52,1.61,13.51,0.0,1.3644759303297853
2022-02-06,5.07,-5.27,59.43,1.07,11.37,0.0,1.25819392742279
2022-02-07,6.03,-1.52,60.31,0.98,9.5,0.0,1.2634852367588385
2022-02-08,7.78,-1.85,69.29,1.73,11.05,0.01,1.4091220766582917
2022-02-09,8.42,-1.54,74.57,2.88,10.46,0.0,1.417668817915709
2022-02-10,8.82,-2.31,80.41,2.17,9.05,0.0,1.1694867010628887
2022-02-11,7.97,-2.52,84.1,1.33,8.18,0.0,0.9993756611831317
2022-02-12,9.11,-1.07,77.85,1.1,8.05,0.01,1.1248114311071902
2022-02-13,8.22,-2.14,85.59,2.39,6.14,0.15,0.9176956749012717
2022-02-14,1.85,-5.31,71.12,3.68,8.53,0.51,1.1507403943783379
2022-02-15,3.31,-5.68,66.47,1.95,6.93,0.1,1.0959439827796515
2022-02-16,3.15,-5.43,66.08,3.31,12.24,0.01,1.423693119944161
2022-02-17,1.75,-4.28,63.09,2.35,13.43,0.03,1.433980499832497
2022-02-18,2.24,-5.23,78.48,1.61,7.36,0.22,0.8897760982641373
2022-02-19,2.22,-5.72,48.62,3.5,17.0,0.0,1.9412764000584286
2022-02-20,6.33,-5.89,53.89,1.86,16.99,0.0,1.8635710919397563
2022-02-21,6.51,-4.71,57.7,2.52,17.01,0.0,1.944119348468317
2022-02-22,3.73,-4.45,51.34,3.35,16.92,0.0,2.024746782229363
2022-02-23,7.16,-6.38,54.72,1.49,16.75,0.0,1.826031233664121
2022-02-24,9.6,-3.03,75.38,2.95,11.46,0.0,1.5300357257267703
2022-02-25,13.85,-1.38,76.5,4.27,13.51,0.0,1.927689077337182
2022-02-26,11.24,-0.7,56.13,3.66,18.57,0.0,2.721911991315622
2022-02-27,15.74,-2.26,61.94,3.88,16.77,0.0,2.78599566403205
2022-02-28,13.7,2.48,71.44,3.47,8.97,0.0,1.941834340090981
2022-03-01,9.87,-2.45,51.62,3.32,18.99,0.0,2.671568581911394
2022-03-02,15.31,-2.98,53.32,2.41,18.14,0.0,2.8424663853479406
2022-03-03,18.27,-0.61,65.0,2.62,15.43,0.0,2.671363162223836
2022-03-04,15.84,0.65,59.83,3.82,15.98,0.0,2.96622502011708
2022-03-05,13.33,-3.66,52.05,2.12,19.84,0.0,2.743909470243107
2022-03-06,13.16,-1.71,58.55,3.95,13.0,0.0,2.5776952484287925
2022-03-07,16.33,1.67,63.43,2.92,19.14,0.0,2.978571864729058
2022-03-08,19.37,1.03,63.64,2.83,16.15,0.0,2.9848768299912014
2022-03-09,20.92,3.71,72.86,2.08,14.96,0.0,2.623425146773886
2022-03-10,21.29,6.72,74.8,2.88,14.69,0.0,2.76617925721315
2022-03-11,21.46,6.86,78.24,2.4,12.64,0.01,2.40801464258826
2022-03-12,11.95,7.11,93.45,1.53,3.36,3.33,0.8096833433096917
2022-03-13,19.44,5.58,82.45,1.35,4.75,0.25,1.2947461474189912
2022-03-14,20.39,7.5,69.89,2.04,19.57,0.43,3.2589567751386297
2022-03-15,21.16,6.26,74.01,3.61,13.61,0.0,2.8097365753092323
2022-03-16,17.73,3.78,76.89,4.75,6.09,1.79,1.950073279120229
2022-03-17,9.89,-1.42,52.59,5.45,7.42,0.0,2.5442061469566477
2022-03-18,8.75,-2.37,74.47,1.62,9.24,0.44,1.399879808676707
2022-03-19,6.14,-1.57,72.28,3.11,12.47,0.02,1.6476975880938518
2022-03-20,10.76,-2.64,69.09,2.45,13.93,0.0,1.9762045526259577
2022-03-21,11.06,-0.2,72.92,1.31,8.14,0.0,1.4526744927314053
2022-03-22,14.9,0.03,68.34,1.78,13.59,0.0,2.210284652801768
2022-03-23,16.6,2.42,74.77,4.21,17.42,0.0,2.6702195780857036
2022-03-24,15.82,5.55,83.14,4.0,14.24,0.14,2.130202674743157
2022-03-25,16.11,3.76,88.58,3.96,3.39,20.15,1.0646953875425282
2022-03-26,17.46,2.03,67.65,2.49,18.57,0.0,2.972821843066765
2022-03-27,14.74,0.85,47.0,2.84,24.28,0.0,3.827341504754763
2022-03-28,16.83,2.53,61.35,4.16,21.54,0.0,3.6129840974094307
2022-03-29,20.6,5.38,76.65,4.44,13.4,3.04,2.7215958532750713
2022-03-30,13.99,4.95,79.64,3.92,8.13,0.42,1.7623672627806584
2022-03-31,15.91,2.51,61.84,2.68,17.23,0.0,3.0190652058934977
2022-04-01,16.44,0.33,55.36,2.02,23.09,0.0,3.496053581271989
2022-04-02,17.19,2.29,62.42,1.81,18.88,0.05,3.073677184575665
2022-04-03,19.51,2.71,58.19,2.38,22.06,0.0,3.801734036591103
2022-04-04,22.08,5.31,66.85,4.87,20.14,0.0,4.025657347039592
2022-04-05,24.21,8.93,69.88,3.54,18.55,0.0,3.911037354377368
2022-04-06,20.19,4.92,65.21,3.19,11.71,0.0,2.979816954841827
2022-04-07,22.22,2.38,63.36,1.54,23.7,0.0,3.8692184022422316
2022-04-08,26.82,9.18,74.93,4.06,20.07,0.0,4.096535563194121
2022-04-09,28.03,12.92,74.11,3.71,19.42,0.0,4.316926971490149
2022-04-10,30.57,14.12,70.77,4.25,21.96,0.0,5.242888376804432
2022-04-11,31.5,15.74,64.77,4.54,20.18,0.01,5.756581791107162
2022-04-12,16.05,7.82,71.69,4.94,11.94,17.1,2.7452631943905788
2022-04-13,19.07,5.43,59.35,2.37,22.31,0.0,3.929408479452565
2022-04-14,17.98,6.55,57.23,2.55,10.97,0.0,2.9924741373034323
2022-04-15,17.27,5.39,56.87,3.53,23.68,0.0,4.179440668725857
2022-04-16,20.47,5.38,46.48,1.5,25.18,0.0,4.428809458305427
2022-04-17,20.88,4.54,55.54,3.19,17.51,0.0,4.000329265456258
2022-04-18,20.45,7.16,65.15,2.41,14.32,0.0,3.178755188026975
2022-04-19,24.48,8.53,54.95,2.28,24.25,0.0,4.952136438592958
2022-04-20,26.81,8.81,61.35,4.56,24.71,0.0,5.5727436467449465
2022-04-21,27.79,12.55,70.7,4.73,20.65,0.0,4.840836149863758
2022-04-22,18.84,10.27,59.03,3.61,14.67,0.0,3.783659685278467
2022-04-23,27.29,7.7,65.04,3.96,25.24,0.0,5.290939786967595
2022-04-24,28.95,16.35,78.57,3.62,16.45,0.2,3.933770498398925
2022-04-25,27.51,16.63,81.11,1.95,15.75,0.04,3.439963646068695
2022-04-26,24.64,11.77,57.26,4.24,16.93,0.0,4.916481507436259
2022-04-27,23.46,9.12,55.32,2.15,16.03,0.04,3.9642234114344066
2022-04-28,12.99,6.17,76.86,3.06,6.54,3.53,1.7232892484957452
2022-04-29,17.26,5.4,75.15,1.18,16.62,0.01,2.7275242019673094
2022-04-30,19.37,8.7,54.76,3.0,18.96,0.01,4.20545555059676
2022-05-01,25.25,5.73,48.44,2.76,27.82,0.0,5.774078539651663
2022-05-02,27.0,11.35,50.31,1.85,26.81,0.0,5.6926702901625665
2022-05-03,30.63,11.69,50.66,3.89,27.28,0.0,7.153164673125948
2022-05-04,30.87,12.17,49.63,5.12,27.42,0.0,7.799010134897594
2022-05-05,30.67,14.49,54.16,5.88,26.16,0.0,7.630700676223765
2022-05-06,30.01,12.27,62.02,4.57,21.51,0.0,5.868516533079663
2022-05-07,19.61,9.71,57.81,4.42,5.71,0.04,3.3397653028826695
2022-05-08,16.81,6.94,64.28,2.42,6.65,0.22,2.282126823953797
2022-05-09,10.79,7.56,84.68,1.64,4.84,7.95,1.1963214157164639
2022-05-10,22.09,5.62,72.58,1.31,14.19,0.01,2.7981333464067943
2022-05-11,20.7,12.15,77.23,2.25,13.46,0.2,2.8571640479326303
2022-05-12,19.13,11.45,78.03,3.13,6.62,1.53,2.0901975974620526
2022-05-13,22.2,9.09,59.32,2.09,26.19,0.34,4.873151910054755
2022-05-14,21.85,9.86,52.25,1.51,19.09,0.01,4.08109350935418
2022-05-15,26.44,8.62,59.77,2.32,27.65,0.0,5.495864453332638
2022-05-16,29.58,10.3,47.34,2.21,28.82,0.0,6.5368304950932
2022-05-17,32.86,12.08,41.94,3.52,28.36,0.0,8.110515758227503
2022-05-18,30.92,13.54,51.95,1.76,23.57,0.0,5.723460472302558
2022-05-19,29.63,16.85,58.81,2.65,22.21,0.0,5.727303777558782
2022-05-20,30.1,14.33,60.36,2.38,25.81,0.0,5.962524822152387
2022-05-21,32.99,15.73,55.06,3.12,27.8,0.0,7.2272028028338
2022-05-22,32.6,16.94,55.22,3.46,24.43,0.0,6.934205961163572
2022-05-23,31.39,17.66,55.28,2.51,21.34,0.03,5.935285092961675
2022-05-24,32.32,17.39,57.77,3.12,22.7,0.03,6.3778159430905825
2022-05-25,25.91,15.55,57.03,3.87,18.87,0.0,5.42742393860005
2022-05-26,30.76,12.87,45.4,2.8,28.48,0.03,7.224582905593023
2022-05-27,34.24,14.46,40.72,2.78,28.7,0.0,8.073290467548489
2022-05-28,35.29,18.9,50.32,4.96,26.62,0.0,8.855286013016919
2022-05-29,34.75,18.7,54.58,5.0,22.75,0.07,7.880477677461666
2022-05-30,31.47,14.02,38.88,2.6,30.67,0.0,7.847937457690753
2022-05-31,35.99,17.5,37.98,5.38,25.73,0.0,10.237557827452132
2022-06-01,34.22,17.38,49.49,2.76,27.65,0.0,7.596167569180319
2022-06-02,36.56,18.83,42.61,1.03,22.92,0.0,5.967551383561567
2022-06-03,37.49,20.75,43.71,3.06,24.85,0.0,8.34876303132624
2022-06-04,34.89,22.2,54.22,2.71,15.14,0.0,5.720792800568405
2022-06-05,35.83,21.93,47.07,2.02,27.3,0.0,7.545837032811413
2022-06-06,30.23,17.93,41.92,3.87,27.97,0.0,8.20334714235165
2022-06-07,31.84,16.03,48.4,1.88,26.09,0.25,6.514219438139389
2022-06-08,35.4,19.03,48.66,3.91,24.51,0.13,8.18002222415069
2022-06-09,28.66,18.39,72.56,1.76,17.69,1.55,4.211595986205636
2022-06-10,28.1,21.11,76.17,1.63,15.84,4.57,3.83857472050987
2022-06-11,33.12,19.54,59.77,2.75,25.13,0.14,6.666969363573623
2022-06-12,30.08,21.7,56.43,3.49,13.84,0.12,5.422253924036543
2022-06-13,34.94,19.97,57.97,2.92,20.63,8.35,6.393487493507164
2022-06-14,29.36,17.81,67.14,1.72,20.89,3.1,4.8979001559015245
2022-06-15,32.87,18.16,57.6,1.49,23.98,0.04,5.858143500748608
2022-06-16,37.28,20.02,55.03,2.5,19.16,2.9,6.3225037511746125
2022-06-17,37.71,22.59,54.62,2.15,23.95,0.62,7.020908466327496
2022-06-18,39.56,24.41,45.18,3.19,20.73,0.36,8.164639496126988
2022-06-19,39.37,23.31,50.46,1.49,23.22,0.68,6.6917457939785
2022-06-20,39.65,24.55,49.17,2.1,23.32,0.0,7.390569155743466
2022-06-21,38.34,25.18,50.78,3.59,23.23,0.0,8.350461074939135
2022-06-22,38.9,24.8,60.88,3.56,22.33,24.12,7.464741184563043
2022-06-23,33.8,24.83,71.0,2.26,25.24,11.23,6.312762665299247
2022-06-24,35.86,22.16,56.95,2.18,28.21,1.63,7.437202892731192
2022-06-25,40.8,23.42,54.04,4.38,23.48,0.0,8.918646078581613
2022-06-26,35.58,27.8,73.68,3.47,15.48,15.43,5.10244643120572
2022-06-27,31.04,23.78,81.09,2.26,10.41,19.67,3.0781901694536113
2022-06-28,32.11,22.48,76.29,1.37,18.74,4.02,4.517058030030086
2022-06-29,30.85,23.31,74.93,1.76,20.48,2.04,4.917095530092882
2022-06-30,30.6,22.16,72.81,0.93,12.35,9.77,3.255323867861266
2022-07-01,31.53,21.15,69.09,1.28,23.58,2.53,5.427422189069084
2022-07-02,32.72,22.68,76.31,1.31,19.83,22.88,4.736183106274337
2022-07-03,29.22,24.14,85.03,1.97,9.52,10.21,2.6382825802090837
2022-07-04,32.38,24.3,83.87,2.1,18.76,15.13,4.441926463961348
2022-07-05,29.21,24.11,87.78,2.12,13.72,10.65,3.2402474339223066
2022-07-06,28.53,22.58,89.25,3.64,9.14,80.47,2.4284940072573233
2022-07-07,32.71,20.96,79.35,1.9,29.02,0.14,6.24229597137843
2022-07-08,33.92,22.23,74.21,3.33,27.67,0.09,6.61252323140531
2022-07-09,34.34,24.63,79.51,1.57,22.05,6.68,5.276800288166571
2022-07-10,26.97,21.33,87.51,2.87,6.93,16.56,2.0878438345511596
2022-07-11,29.47,20.42,87.19,2.1,9.69,29.92,2.508005667453394
2022-07-12,28.96,22.58,90.61,2.2,4.6,37.82,1.5429119305072785
2022-07-13,28.52,21.48,86.54,1.27,10.94,8.31,2.6590212762332506
2022-07-14,32.86,22.52,80.85,1.3,21.58,0.79,4.922255427192853
2022-07-15,34.35,24.16,70.57,0.85,21.65,0.36,5.185307837255268
2022-07-16,30.95,23.44,80.11,2.29,6.0,38.55,2.3815605594778564
2022-07-17,30.74,21.77,78.13,1.85,24.48,7.32,5.389198508142066
2022-07-18,33.45,22.48,71.6,1.22,22.29,0.27,5.289240045006823
2022-07-19,31.16,23.73,71.28,0.94,6.62,0.72,2.3078429448275632
2022-07-20,29.51,20.52,80.29,1.15,8.48,5.66,2.3956034571799245
2022-07-21,31.12,20.05,76.63,1.17,25.73,0.15,5.492451998747665
2022-07-22,30.44,22.16,83.36,1.76,13.97,24.9,3.412368495747958
2022-07-23,28.66,21.44,79.52,2.69,20.38,12.92,4.588985091961479
2022-07-24,32.47,20.11,78.78,2.81,27.7,0.79,5.9909521068562
2022-07-25,31.87,21.9,80.61,3.05,24.25,0.53,5.412228552189427
2022-07-26,31.93,23.64,80.9,1.41,19.78,11.91,4.584220158522189
2022-07-27,32.03,23.77,79.55,0.84,22.77,5.54,5.094501217177202
2022-07-28,27.32,22.44,87.96,1.51,8.73,24.3,2.2417837204131494
2022-07-29,30.54,21.7,84.35,1.27,19.38,2.39,4.248304099603689
2022-07-30,31.81,23.79,83.93,1.31,18.46,3.35,4.241835909928483
2022-07-31,32.26,23.6,80.4,1.14,22.69,1.04,5.0991474788614495
2022-08-01,33.72,24.78,76.56,0.9,22.79,0.02,5.285506120834918
2022-08-02,33.76,25.8,79.23,1.77,18.98,0.46,4.733056676814901
2022-08-03,34.5,25.91,80.24,2.22,22.47,0.13,5.455729595476452
2022-08-04,34.97,26.94,79.95,2.75,23.22,0.01,5.765996384285987
2022-08-05,35.95,26.71,79.54,2.81,23.55,2.02,5.921297641949222
2022-08-06,34.91,26.43,79.71,3.08,22.2,0.54,5.606870157749538
2022-08-07,31.4,26.99,85.74,2.96,12.62,0.23,3.3730120886267945
2022-08-08,32.56,23.13,88.42,2.2,6.79,23.27,2.0734458214867795
2022-08-09,26.37,20.75,88.54,3.26,4.82,23.18,1.7203405106317944
2022-08-10,28.94,19.7,82.5,1.28,4.91,5.0,1.7292819326994573
2022-08-11,28.58,23.37,88.55,1.7,13.09,12.29,3.0019907946687927
2022-08-12,34.08,24.97,84.44,1.91,18.73,5.59,4.465567125794446
2022-08-13,32.68,26.61,86.29,1.56,16.2,5.21,3.8876730328809606
2022-08-14,35.3,25.92,84.15,3.16,16.18,3.32,4.256251692662679
2022-08-15,34.96,25.3,78.64,1.99,12.51,0.23,3.6451684357060117
2022-08-16,31.7,22.33,74.86,1.92,22.57,0.0,5.216370383670586
2022-08-17,32.33,22.5,77.39,1.99,23.38,0.0,5.320013591492438
2022-08-18,32.57,24.15,83.6,3.74,17.53,0.02,4.325051067729511
2022-08-19,31.01,23.83,84.57,2.58,9.78,10.56,2.800878598497167
2022-08-20,29.65,21.97,75.43,2.4,19.13,0.01,4.573249780753915
2022-08-21,32.41,21.49,78.53,3.02,21.97,0.02,5.122086679087599
2022-08-22,31.86,24.34,83.77,4.22,6.34,7.12,2.6254088643594273
2022-08-23,28.6,19.18,73.27,2.96,24.66,0.54,5.32568187482161
2022-08-24,27.81,16.8,67.72,1.05,19.94,0.18,4.216925103543603
2022-08-25,29.06,19.7,75.12,1.29,12.48,1.65,3.1448614152773686
2022-08-26,30.38,17.21,72.14,1.78,21.26,1.74,4.693799719626991
2022-08-27,26.8,14.54,70.79,2.01,20.35,0.74,4.285057525048453
2022-08-28,20.89,15.87,83.97,1.56,4.04,27.8,1.4273936038251378
2022-08-29,25.68,15.82,83.36,1.24,9.29,1.93,2.214570986608814
2022-08-30,25.56,18.19,82.53,1.16,14.04,4.11,2.9748123266309476
2022-08-31,29.71,16.12,76.36,1.36,22.41,0.2,4.533990616905632
2022-09-01,30.06,18.46,70.97,1.36,22.72,0.0,4.831047750333038
2022-09-02,28.43,19.25,77.64,1.77,21.89,0.0,4.522091956067471
2022-09-03,26.02,17.41,66.02,1.06,13.44,0.05,3.1961757110739675
2022-09-04,29.37,17.83,64.8,0.8,20.59,0.0,4.316107108212569
2022-09-05,29.44,18.68,72.6,2.08,21.55,0.0,4.727771785702898
2022-09-06,29.94,17.02,57.85,1.68,23.33,0.0,5.272616770886388
2022-09-07,30.73,15.8,51.76,0.93,23.94,0.0,5.017902633528632
2022-09-08,28.29,15.59,68.89,1.84,19.35,0.0,4.254065407202055
2022-09-09,29.89,16.7,68.34,1.47,13.0,0.0,3.3883000057827033
2022-09-10,29.23,18.6,65.71,0.83,16.58,0.0,3.689895594121978
2022-09-11,29.34,19.53,68.22,1.06,18.99,0.0,4.147217837396162
2022-09-12,30.31,18.69,71.51,0.95,19.88,0.0,4.204812073715084
2022-09-13,29.31,18.22,72.16,2.28,18.98,0.0,4.351855753016241
2022-09-14,27.25,16.2,81.69,3.1,13.11,0.33,3.0509872777896128
2022-09-15,27.52,18.54,80.77,4.3,8.88,1.07,2.8442641963597874
2022-09-16,28.81,17.37,76.79,2.21,20.58,0.42,4.2699262204171005
2022-09-17,30.18,17.25,73.31,1.74,17.6,0.05,3.966674492738411
2022-09-18,30.83,17.94,71.04,2.05,19.02,0.0,4.40213406336474
2022-09-19,26.68,15.66,63.11,2.94,19.69,0.0,4.673167199357046
2022-09-20,24.75,14.99,62.49,1.2,12.08,0.01,2.944681343982005
2022-09-21,26.82,13.02,62.65,2.67,20.1,0.01,4.5268550055916625
2022-09-22,29.14,14.16,56.44,3.58,19.63,0.0,5.429597749476537
2022-09-23,23.44,7.95,42.25,2.66,22.52,0.0,5.010818757174476
2022-09-24,23.29,10.14,55.74,2.54,14.46,0.0,3.764820242122115
2022-09-25,27.44,10.7,59.37,3.02,19.75,0.0,4.698901207265446
2022-09-26,27.98,12.03,63.95,2.2,19.48,0.0,4.258733843823544
2022-09-27,28.1,13.61,70.87,1.72,15.7,0.0,3.460797965218987
2022-09-28,28.71,15.53,62.02,2.59,18.02,0.0,4.50300423781199
2022-09-29,30.75,14.95,63.42,3.01,17.34,0.0,4.682131310306542
2022-09-30,29.93,16.08,69.64,3.5,16.79,0.0,4.374412556878985
2022-10-01,25.49,19.21,89.84,2.78,2.28,58.37,1.1806018941133771
2022-10-02,26.03,19.69,88.91,1.68,3.93,30.69,1.3270138479436304
2022-10-03,23.54,10.78,89.67,4.3,2.18,52.67,1.1828518828288948
2022-10-04,12.85,8.11,65.69,3.67,9.08,0.14,2.382301594716325
2022-10-05,15.2,5.48,69.92,1.31,9.83,0.79,1.8619093363061434
2022-10-06,15.38,6.59,75.95,1.36,6.05,0.01,1.4556123938776493
2022-10-07,19.56,5.39,79.7,2.54,17.05,0.0,2.5443119765414486
2022-10-08,20.03,8.34,80.73,3.59,12.6,0.87,2.3206954991910758
2022-10-09,16.01,5.39,53.88,4.95,18.75,0.25,3.798762861327161
2022-10-10,16.63,1.35,54.67,2.37,19.22,1.05,3.1053780954128354
2022-10-11,20.01,3.27,56.88,1.58,18.35,0.0,3.0472549389978885
2022-10-12,18.0,4.14,65.66,2.37,14.48,0.0,2.6241147473835413
2022-10-13,17.9,7.49,79.53,1.83,10.76,0.0,1.910885026364621
2022-10-14,20.95,8.54,74.24,1.27,7.2,0.0,1.7441335844866375
2022-10-15,23.08,10.02,72.57,1.19,11.3,0.0,2.261446607273447
2022-10-16,21.84,7.54,73.23,2.64,8.11,0.0,2.2066184724562206
2022-10-17,16.07,3.69,55.62,2.8,18.09,0.0,3.0892904463580027
2022-10-18,18.41,0.94,55.53,1.98,17.4,0.0,2.8898291620687884
2022-10-19,20.03,3.26,59.27,2.99,15.99,0.0,3.1767464003360826
2022-10-20,19.97,5.46,70.27,3.64,12.45,0.0,2.6586458368958095
2022-10-21,21.57,8.3,74.83,2.04,12.53,0.0,2.3608289916519474
2022-10-22,22.0,9.16,68.66,2.45,14.01,0.0,2.830462585643229
2022-10-23,21.81,6.88,72.5,1.17,14.77,0.0,2.377963618002086
2022-10-24,22.52,6.82,66.5,2.07,13.86,0.0,2.735497701448277
2022-10-25,22.21,9.17,67.18,3.54,12.18,0.0,3.0188141872444674
2022-10-26,19.3,10.5,77.04,2.66,7.97,0.0,1.9464597136141348
2022-10-27,19.64,7.73,78.07,2.47,10.65,0.0,2.017603884382819
2022-10-28,17.8,6.14,76.75,1.44,10.2,0.0,1.7424774396565652
2022-10-29,19.4,7.06,77.34,1.22,8.04,0.0,1.5836486594289163
2022-10-30,18.83,8.74,78.19,1.78,6.77,0.0,1.58304119994083
2022-10-31,18.37,6.89,71.04,1.9,8.99,0.0,1.916581671040743
2022-11-01,18.9,3.13,55.48,1.76,13.14,0.0,2.4865289128746797
2022-11-02,19.52,5.96,67.93,2.99,10.57,0.03,2.41311516563722
2022-11-03,12.72,6.64,83.89,2.65,5.68,0.14,1.2037749105490745
2022-11-04,13.84,2.19,65.12,1.27,11.95,0.0,1.7414203447586605
2022-11-05,17.08,2.58,65.42,2.37,12.01,0.0,2.1821718204631706
2022-11-06,17.88,5.71,71.69,3.67,6.56,0.0,2.0337624466536313
2022-11-07,17.17,5.68,70.87,2.02,10.48,0.0,1.9169674344579841
2022-11-08,18.19,5.06,68.0,1.35,9.46,0.01,1.7670825484738717
2022-11-09,16.74,10.71,89.38,2.25,5.88,0.02,1.1563062205834334
2022-11-10,20.06,9.82,87.01,0.91,4.03,0.72,1.0118180688188967
2022-11-11,20.6,11.65,88.75,1.71,6.23,0.37,1.2630962164137256
2022-11-12,14.24,4.54,78.08,4.6,4.26,11.62,1.5187387810879354
2022-11-13,9.35,0.25,65.45,2.05,9.43,0.0,1.5039943198093877
2022-11-14,14.34,1.37,68.53,2.43,11.43,0.0,1.8283810575424482
2022-11-15,17.18,0.91,68.25,1.76,12.6,0.0,1.8732264378468773
2022-11-16,13.49,2.83,79.42,2.62,8.57,0.0,1.3847697019543317
2022-11-17,17.91,3.53,73.99,2.22,10.41,0.0,1.779473506483542
2022-11-18,17.02,5.37,82.0,1.2,4.96,0.25,1.083942726711923
2022-11-19,16.07,7.12,83.53,1.11,6.68,0.55,1.1515576266433605
2022-11-20,16.72,5.66,85.14,1.64,4.73,0.02,1.048894137972185
2022-11-21,14.06,7.26,85.74,2.75,1.39,1.75,0.9230672684183121
2022-11-22,12.2,5.28,82.02,2.09,3.55,5.38,1.0116055535725208
2022-11-23,15.8,1.81,82.48,2.12,8.54,0.03,1.2742329636894245
2022-11-24,18.53,6.11,81.72,4.51,10.1,0.05,1.7666746528344048
2022-11-25,16.96,5.01,70.26,3.1,10.46,0.0,2.015874339100179
2022-11-26,9.12,-1.21,54.74,3.38,10.69,0.0,1.9700670398593503
2022-11-27,9.32,4.18,92.52,2.6,1.78,2.11,0.5949600523099532
2022-11-28,8.57,2.57,85.16,4.13,3.07,6.06,0.8956007118791942
2022-11-29,1.05,-7.08,37.23,6.24,5.09,0.0,2.024446535577608
2022-11-30,-2.26,-8.41,40.91,2.6,11.26,0.0,1.3037623656846675
2022-12-01,2.06,-5.69,59.66,1.27,11.63,0.0,1.0431666635359853
2022-12-02,4.84,-4.57,61.28,3.85,8.93,0.0,1.4609785689795491
2022-12-03,3.11,-3.53,63.21,3.06,7.47,0.0,1.2415036933093415
2022-12-04,0.8,-4.9,60.39,2.0,7.94,0.0,1.0445366682028656
2022-12-05,5.43,-3.21,62.79,1.18,9.73,0.0,1.07042256120205
2022-12-06,7.05,-3.99,67.79,1.35,9.19,0.0,1.0586685558740165
2022-12-07,8.88,-2.59,80.54,1.62,7.15,0.0,0.905231166153821
2022-12-08,8.91,-1.2,90.6,1.22,5.35,0.0,0.6758468693429716
2022-12-09,9.07,-0.19,89.57,0.88,3.54,0.0,0.6233610230775255
2022-12-10,3.68,-4.69,64.37,4.25,9.41,0.0,1.3517169854663196
2022-12-11,4.44,-5.16,55.1,1.67,11.12,0.0,1.230395962702785
2022-12-12,5.4,-3.46,52.96,2.87,10.26,0.0,1.5869118844981054
2022-12-13,2.89,-4.83,49.14,3.76,11.38,0.0,1.6685365786152688
2022-12-14,5.25,-8.72,51.87,3.51,10.96,0.0,1.5906552525517006
2022-12-15,3.57,-5.41,60.66,3.94,8.93,0.0,1.383718901816318
2022-12-16,-0.2,-7.28,62.49,1.79,5.7,0.0,0.8489957395499257
2022-12-17,-2.0,-12.3,45.58,3.76,11.79,0.0,1.2685496783130974
2022-12-18,4.5,-10.45,54.98,1.95,10.81,0.0,1.1823934386243113
2022-12-19,7.07,-7.37,61.75,1.55,9.81,0.0,1.1269591001728898
2022-12-20,3.48,-2.3,76.55,2.05,5.99,0.0,0.847702818532604
2022-12-21,3.25,-8.08,55.7,2.47,6.73,0.11,1.1828815056751323
2022-12-22,-0.29,-9.44,56.07,3.51,11.38,0.0,1.1978052476450822
2022-12-23,0.96,-10.77,50.92,2.23,11.04,0.0,1.1433226370456733
2022-12-24,1.55,-11.27,62.35,1.79,10.92,0.0,0.9325041866461065
2022-12-25,3.19,-5.69,58.2,0.84,8.97,0.01,0.8892681346554991
2022-12-26,4.01,-4.32,59.59,1.23,8.61,0.05,1.0110426021999102
2022-12-27,2.85,-6.04,58.63,2.29,5.52,0.04,1.1050489253636897
2022-12-28,4.15,-7.63,56.84,1.45,10.89,0.0,1.0936539077522403
2022-12-29,2.89,-8.58,61.86,2.02,10.66,0.0,1.0626554476135637
2022-12-30,4.85,-7.2,55.36,1.41,10.17,0.0,1.1220881276814516
2022-12-31,5.59,-6.6,71.91,1.63,7.62,0.0,0.9107915039015011
2023-01-01,6.15,-5.73,67.09,1.4,7.24,0.0,0.9653538621559308
2023-01-02,4.59,-3.37,73.16,1.44,7.88,0.0,0.9040586004660371
2023-01-03,5.34,-5.2,78.84,1.73,6.8,0.0,0.811115143645428
2023-01-04,5.27,-4.29,85.01,1.4,4.33,0.0,0.6369606792459427
2023-01-05,6.94,-1.06,79.18,1.18,4.32,0.0,0.771540256713441
2023-01-06,9.95,-1.95,59.67,2.91,10.86,0.0,1.7404836093050124
2023-01-07,10.86,-0.53,62.91,1.88,10.24,0.0,1.4995378326089306
2023-01-08,8.28,-1.0,83.18,2.0,8.45,0.0,0.9483859153075791
2023-01-09,7.84,-2.27,74.06,3.31,10.95,0.0,1.297679561429994
2023-01-10,7.41,-3.35,67.2,1.79,9.62,0.0,1.2034986154487994
2023-01-11,7.87,-2.2,89.19,2.86,6.72,0.0,0.7552298607581097
2023-01-12,7.06,-0.64,97.06,1.73,2.35,0.39,0.44485762587448424
2023-01-13,8.03,-0.63,85.1,4.14,1.41,0.34,0.7881812472630694
2023-01-14,-1.33,-5.33,53.1,6.73,5.12,3.53,1.5334078354061882
2023-01-15,-0.15,-7.24,50.45,2.57,8.98,0.0,1.2468421240517678
2023-01-16,1.99,-9.82,58.74,2.13,9.18,0.0,1.083513586632287
2023-01-17,3.45,-7.16,62.19,1.74,10.05,0.0,1.103127625865415
2023-01-18,5.11,-7.16,57.83,2.73,11.54,0.0,1.4402055917610228
2023-01-19,6.78,-5.46,61.77,3.11,11.7,0.0,1.5362199803725547
2023-01-20,0.78,-8.88,47.54,2.29,12.62,0.0,1.3395098498942701
2023-01-21,5.85,-5.87,68.18,2.84,8.81,0.0,1.2312129782176653
2023-01-22,5.18,-2.84,70.1,1.59,8.46,0.0,1.0762484932512246
2023-01-23,-0.55,-8.29,77.13,4.0,6.54,0.29,0.7856080536521295
2023-01-24,-4.99,-14.3,44.72,3.02,14.14,0.0,1.1200173117361456
2023-01-25,0.8,-13.09,58.52,4.47,11.7,0.29,1.2621566887337057
2023-01-26,-0.51,-9.07,70.61,2.45,2.56,0.0,0.7292012835130895
2023-01-27,1.72,-11.96,52.43,2.52,14.22,0.0,1.3372237573945054
2023-01-28,4.6,-11.43,53.81,2.18,13.79,0.0,1.417307664898961
2023-01-29,9.47,-6.68,56.07,2.16,13.65,0.0,1.741232311204337
2023-01-30,9.48,-2.45,63.37,3.06,12.11,0.0,1.7799278491725234
2023-01-31,9.97,-2.57,70.93,1.49,11.52,0.0,1.382146619450498
2023-02-01,4.38,-3.6,47.77,4.84,11.48,0.0,2.1069046102632587
2023-02-02,3.88,-2.69,51.24,0.92,7.21,0.0,1.122563599669891
2023-02-03,7.08,-3.58,66.88,2.44,10.07,0.0,1.4118412134746734
2023-02-04,9.51,-1.04,62.33,1.32,12.57,0.0,1.5780631076404275
2023-02-05,10.21,-3.0,70.9,3.61,10.84,0.0,1.6264396830783228
2023-02-06,11.23,-1.35,82.75,2.07,8.56,0.0,1.1622602182856188
2023-02-07,10.08,-1.63,80.68,1.42,8.46,0.0,1.124883379876013
2023-02-08,8.57,-1.78,73.76,2.72,8.77,0.01,1.350882499061692
2023-02-09,4.78,-1.68,87.0,1.38,2.83,0.81,0.631525930608408
2023-02-10,9.51,-1.93,82.79,1.56,9.21,0.14,1.1297374151259676
2023-02-11,8.55,-0.55,86.56,2.06,4.26,0.35,0.8200687832321768
2023-02-12,8.79,-0.42,87.65,3.49,3.0,11.36,0.7830675827258603
2023-02-13,4.72,-2.52,67.59,4.18,15.32,0.48,1.6899772764892793
2023-02-14,6.34,-3.21,63.13,1.64,11.86,0.02,1.4835132894275913
2023-02-15,6.92,-5.14,69.76,1.37,14.46,0.0,1.455270793594446
2023-02-16,10.38,-3.13,71.42,3.31,11.41,0.0,1.6665395160870302
2023-02-17,12.17,-1.82,78.96,2.52,10.44,0.0,1.4589689824294152
2023-02-18,13.82,0.35,71.71,3.07,5.59,0.0,1.6112017722461205
2023-02-19,10.73,-4.92,51.88,2.08,17.78,0.0,2.2725252095875996
2023-02-20,10.9,-3.6,55.56,3.41,17.03,0.0,2.452968690515826
2023-02-21,8.5,-2.74,55.85,1.87,16.91,0.0,2.057631501526899
2023-02-22,7.16,-2.64,72.18,3.75,9.79,0.0,1.4869630423211841
2023-02-23,11.85,-2.64,76.25,2.53,14.01,0.0,1.723872244817692
2023-02-24,9.19,-2.79,72.57,3.39,9.19,0.0,1.522641185964769
2023-02-25,8.84,-4.67,54.04,1.6,18.37,0.0,2.1005628656183712
2023-02-26,12.21,-3.48,58.43,2.63,15.04,0.0,2.292449981895768
2023-02-27,13.86,-2.14,57.7,4.39,14.13,0.0,2.7419950891048726
2023-02-28,14.43,-0.77,68.83,3.46,11.08,0.0,2.1095310481659793
2023-03-01,14.54,-1.17,54.43,3.05,18.53,0.0,2.9623971383738903
2023-03-02,14.46,-3.47,52.87,2.96,17.88,0.0,2.880266190460966
2023-03-03,19.02,1.32,56.28,2.56,14.72,0.0,3.029463513455102
2023-03-04,20.19,3.33,46.73,1.35,14.66,0.0,2.92225456000006
2023-03-05,21.08,2.0,53.44,2.62,15.17,0.0,3.403444986884044
2023-03-06,21.96,4.27,64.62,2.44,15.63,0.0,3.108213314111953
2023-03-07,24.79,5.85,62.18,2.28,15.17,0.0,3.3889242706538854
2023-03-08,18.33,5.46,60.84,3.46,17.57,0.0,3.3987094475542676
2023-03-09,26.0,3.33,55.93,2.66,19.72,0.0,4.2525454744952835
2023-03-10,28.5,5.52,60.38,3.36,17.38,0.0,4.447167698297488
2023-03-11,16.04,4.23,49.84,6.16,10.29,0.2,3.804188866344327
2023-03-12,10.96,0.12,36.85,4.23,22.22,0.0,3.785004273824371
2023-03-13,19.03,-1.75,38.24,5.67,20.02,0.0,5.01944917414311
2023-03-14,23.68,3.78,47.63,4.56,18.44,0.0,5.044877208781807
2023-03-15,13.03,2.99,33.24,4.52,16.9,0.0,4.183241312637655
2023-03-16,9.54,1.83,60.49,1.53,8.24,1.27,1.706080969320263
2023-03-17,11.25,1.17,73.98,1.51,10.8,0.37,1.686325927922355
2023-03-18,15.1,0.72,68.35,1.23,16.85,0.01,2.395035841946323
2023-03-19,17.99,2.14,71.24,3.02,15.27,0.0,2.655176297690651
2023-03-20,17.78,4.71,75.67,3.22,13.02,0.0,2.4008296839622325
2023-03-21,20.23,5.15,77.01,2.69,17.42,0.0,2.8425020127563414
2023-03-22,17.12,5.46,64.42,3.14,9.78,0.0,2.600200663233179
2023-03-23,16.03,2.99,42.12,3.92,15.97,0.0,3.980881001845617
2023-03-24,16.34,4.68,48.99,1.54,14.38,0.0,2.8938257014245963
2023-03-25,17.69,4.13,56.56,2.95,9.22,0.0,2.8357665849685354
2023-03-26,17.36,0.4,54.86,1.53,19.38,0.0,3.1146282521660824
2023-03-27,21.02,4.36,53.77,2.5,20.96,0.0,4.057214494198084
2023-03-28,23.94,4.8,54.78,3.57,18.79,0.0,4.511005746460373
2023-03-29,23.24,7.53,54.93,3.48,18.6,0.0,4.493888649791807
2023-03-30,22.56,6.22,58.66,3.01,21.13,0.0,4.280328206453196
2023-03-31,21.64,7.09,59.48,3.06,18.69,0.0,3.9932574457816314
2023-04-01,21.96,7.64,69.25,3.01,19.26,0.0,3.658811828912649
2023-04-02,24.8,7.72,48.62,4.07,20.48,0.0,5.434837128791785
2023-04-03,16.67,10.72,64.85,4.13,5.17,13.52,2.6238826339952337
2023-04-04,11.78,5.35,87.24,6.49,3.05,10.81,1.093570542836053
2023-04-05,15.0,4.65,72.22,3.69,8.38,0.15,2.136279161786742
2023-04-06,15.89,5.73,69.96,2.94,9.14,2.7,2.269590798417201
2023-04-07,16.72,1.52,48.12,2.84,25.53,0.0,4.203783691375005
2023-04-08,20.12,1.61,46.63,2.77,24.94,0.0,4.598502427367136
2023-04-09,26.77,7.01,58.56,4.8,20.48,0.0,5.292845920315188
2023-04-10,28.9,9.7,61.08,4.2,21.45,0.0,5.463184954678598
2023-04-11,20.74,8.14,36.29,3.11,18.15,0.0,5.006446668551632
2023-04-12,24.59,4.22,51.01,3.57,19.38,0.21,4.907305803241577
2023-04-13,24.42,11.26,64.63,2.81,12.25,0.68,3.5032499954896177
2023-04-14,20.64,10.17,61.13,3.25,15.52,0.1,3.7915542630361005
2023-04-15,23.62,6.45,52.81,3.0,15.54,0.64,4.237933136953698
2023-04-16,23.44,8.58,42.87,1.49,25.62,0.0,4.968655268274091
2023-04-17,28.75,11.67,59.13,3.07,18.83,0.0,5.0278115915761585
2023-04-18,28.12,12.95,63.93,3.06,22.49,0.0,5.1848537235431875
2023-04-19,28.57,11.08,59.56,2.76,23.55,0.0,5.404932540109092
2023-04-20,25.2,11.13,58.89,5.62,5.3,0.03,4.152731145955848
2023-04-21,17.51,7.72,41.15,4.66,5.82,0.93,4.085918934392245
2023-04-22,11.9,4.05,74.01,2.9,7.76,8.07,1.7927022413018203
2023-04-23,11.9,5.68,82.48,3.85,5.58,16.9,1.4254170872483956
2023-04-24,14.78,6.85,78.56,1.83,8.92,3.54,1.8411869472758067
2023-04-25,21.3,4.91,67.16,2.68,24.49,0.19,4.138941983073868
2023-04-26,23.22,4.25,53.72,3.39,25.6,0.0,5.145242855534655
2023-04-27,26.5,10.81,59.64,4.99,24.3,0.01,5.839310360402861
2023-04-28,23.11,10.53,61.96,3.5,15.35,2.29,4.069561192468896
2023-04-29,23.01,5.54,41.07,3.7,28.21,0.0,6.1502313748122965
2023-04-30,25.66,7.2,47.43,2.38,27.57,0.0,5.756295173153766
2023-05-01,29.9,9.71,45.37,4.35,26.58,0.0,7.40945102205757
2023-05-02,28.72,14.29,50.88,3.87,17.31,0.0,5.866114709748133
2023-05-03,29.24,16.02,71.17,3.75,9.42,1.11,3.600104223805119
2023-05-04,19.85,14.45,87.68,3.48,6.56,10.48,1.7208440268132492
2023-05-05,18.19,12.42,78.34,4.68,8.55,1.71,2.4132339188301244
2023-05-06,22.3,11.57,52.03,4.5,21.78,0.0,5.514176982303465
2023-05-07,25.8,9.31,45.8,3.74,25.92,0.0,6.383119055556891
2023-05-08,26.12,12.29,43.18,1.47,27.13,0.0,5.695088259629969
2023-05-09,25.83,10.95,45.23,2.02,22.86,0.0,5.36671295874564
2023-05-10,26.35,14.35,50.58,1.15,18.18,0.0,4.277681304493314
2023-05-11,27.81,16.08,49.1,2.16,21.23,0.0,5.545423054716517
2023-05-12,30.91,13.59,51.11,4.09,24.69,2.72,7.08845091333272
2023-05-13,28.62,13.02,56.13,1.89,28.35,0.65,6.028285205051796
2023-05-14,33.78,15.23,52.59,2.79,24.93,3.2,6.871127133179285
2023-05-15,37.3,15.48,49.51,3.25,27.54,0.0,8.227845030513487
2023-05-16,35.76,20.37,51.31,5.86,24.97,0.0,9.129639782077556
2023-05-17,34.51,18.59,58.48,4.66,20.97,0.59,7.084984206820411
2023-05-18,29.31,16.08,60.99,3.24,13.04,1.61,4.583590639536449
2023-05-19,32.7,17.17,62.57,4.91,20.55,0.34,6.440087022313606
2023-05-20,29.29,17.39,46.38,3.74,10.55,1.28,5.561343236969765
2023-05-21,24.5,14.02,49.8,3.26,9.26,2.63,4.315627707555322
2023-05-22,28.66,11.69,49.35,1.77,28.26,0.0,6.136329301240381
2023-05-23,30.17,15.53,38.66,1.93,25.9,0.13,6.623329419389467
2023-05-24,27.94,16.68,46.92,4.63,25.53,0.0,7.474643127272406
2023-05-25,25.37,14.66,67.15,3.81,11.01,0.05,3.777133373692682
2023-05-26,31.04,16.48,61.19,2.44,12.36,0.09,4.26502681908485
2023-05-27,28.48,18.55,71.62,2.38,4.5,5.59,2.481106441199743
2023-05-28,25.03,17.62,80.49,3.36,4.87,15.54,2.165272875651079
2023-05-29,27.56,17.3,71.18,2.59,12.99,0.86,3.700920379170126
2023-05-30,26.65,17.04,75.68,1.44,12.17,7.41,3.0390753245673925
2023-05-31,29.17,17.07,73.39,1.19,20.93,0.31,4.526519907953009
2023-06-01,32.15,17.02,57.05,2.01,27.72,0.0,6.589928053509464
2023-06-02,28.36,16.42,49.61,2.56,21.62,0.0,5.9207648302507225
2023-06-03,31.07,15.21,50.25,1.97,24.02,0.0,6.092883029339648
2023-06-04,30.12,17.85,57.45,3.46,17.45,0.06,5.641777830511566
2023-06-05,30.54,17.05,61.23,3.44,24.27,0.04,6.294219871416061
2023-06-06,35.23,16.69,52.44,2.04,27.73,0.0,7.117831064483379
2023-06-07,36.7,21.91,51.01,4.0,20.36,0.24,7.790851039464893
2023-06-08,35.17,19.79,41.42,2.78,29.99,0.4,8.624386452858895
2023-06-09,37.53,18.12,35.74,2.27,29.56,0.02,8.628987947736238
2023-06-10,34.42,19.82,36.08,3.25,28.51,0.43,8.988147592574535
2023-06-11,35.54,17.02,50.8,1.58,22.59,2.13,6.096163279292898
2023-06-12,29.88,19.25,60.05,1.42,22.66,4.82,5.360667729827907
2023-06-13,33.65,18.86,48.51,2.1,22.55,0.06,6.462511457492258
2023-06-14,37.0,20.13,42.84,1.68,27.1,0.0,7.41216202791455
2023-06-15,40.32,20.68,43.34,2.56,26.9,0.0,8.648436397270153
2023-06-16,36.45,23.77,47.79,2.54,16.51,0.0,6.379799995264565
2023-06-17,31.84,22.69,62.01,2.13,14.35,0.13,4.617533734537003
2023-06-18,33.0,19.77,65.42,2.57,19.23,0.74,5.396218104550664
2023-06-19,29.46,20.97,70.58,1.6,9.52,7.39,3.0606809012396883
2023-06-20,34.63,20.18,56.22,1.28,26.28,0.02,6.377888195520117
2023-06-21,38.68,21.62,42.94,1.76,27.25,0.0,7.754276208004829
2023-06-22,40.13,21.05,43.69,2.03,28.32,0.0,8.328305180100994
2023-06-23,40.42,24.34,43.15,3.14,26.36,0.0,9.273354005148665
2023-06-24,40.31,23.34,42.45,2.24,23.93,0.0,7.970332352471739
2023-06-25,31.81,21.46,62.69,2.27,18.46,1.05,5.2571390231241
2023-06-26,34.86,21.95,59.08,1.29,24.03,1.16,6.027216493030478
2023-06-27,38.25,23.08,55.69,3.37,26.19,8.99,8.204816579258619
2023-06-28,34.93,26.38,68.75,2.56,9.25,9.63,3.8980229759446203
2023-06-29,35.22,23.99,62.18,2.06,23.78,3.0,6.436752294578357
2023-06-30,38.21,21.29,43.6,1.56,29.63,0.0,7.857098857668119
2023-07-01,36.78,22.57,50.8,3.17,24.34,0.0,7.8943328717198575
2023-07-02,37.91,23.87,53.06,2.11,20.46,0.0,6.5302213889054785
2023-07-03,36.98,25.18,65.04,2.25,11.38,6.96,4.3943899902265136
2023-07-04,30.71,23.64,77.67,3.05,13.87,25.06,3.9861810548797125
2023-07-05,38.9,21.22,54.42,3.96,25.16,0.0,8.486582986716318
2023-07-06,37.04,23.81,58.11,4.78,20.42,0.01,7.737430976519935
2023-07-07,40.08,21.67,50.9,2.57,26.85,0.02,8.234294602894636
2023-07-08,39.16,23.96,51.13,1.53,27.08,0.19,7.391523857379689
2023-07-09,39.73,25.54,47.53,1.68,27.61,2.78,7.847314135042195
2023-07-10,39.82,27.46,60.09,3.07,21.66,5.57,7.340296792676272
2023-07-11,37.88,27.7,68.93,2.13,18.41,5.65,5.551387712187245
2023-07-12,33.58,26.07,82.56,2.6,5.6,38.67,2.3486559151558346
2023-07-13,33.02,25.67,81.22,1.95,11.22,11.32,3.25120792724389
2023-07-14,36.5,23.72,61.31,1.73,23.18,0.01,6.264035864121432
2023-07-15,34.4,23.15,58.32,2.39,25.35,0.0,6.902019093920594
2023-07-16,34.47,21.19,56.7,1.75,28.09,0.0,6.955809626520407
2023-07-17,35.58,21.43,59.38,1.8,26.29,0.0,6.715662676163336
2023-07-18,35.26,22.26,61.52,1.42,25.59,0.0,6.330658835274009
2023-07-19,36.41,22.99,63.46,2.2,21.62,0.0,6.115233413431305
2023-07-20,35.45,24.63,66.4,2.97,21.2,0.23,6.225346121759522
2023-07-21,28.7,24.39,83.11,2.62,7.81,31.32,2.5448019152722545
2023-07-22,32.77,23.26,75.85,2.54,18.45,2.07,4.811502806289486
2023-07-23,34.5,24.24,72.43,1.23,19.68,5.62,4.923244460420289
2023-07-24,33.95,23.95,77.86,2.03,21.83,11.31,5.298149569857267
2023-07-25,33.57,24.61,79.21,2.06,24.05,15.92,5.645527336250927
2023-07-26,32.78,23.47,81.23,2.02,20.17,8.03,4.760369912443885
2023-07-27,34.17,22.35,75.63,1.88,23.83,0.35,5.642069605026923
2023-07-28,33.69,24.48,76.63,2.46,18.52,9.38,4.866980418800769
2023-07-29,29.84,24.62,90.32,3.4,12.05,80.1,2.8766187197201663
2023-07-30,31.01,25.05,88.59,4.12,11.3,35.49,2.9710038743602283
2023-07-31,31.1,26.0,88.94,2.26,16.58,19.03,3.803957151653667
2023-08-01,32.66,25.66,82.7,3.42,21.42,1.54,5.108847706640328
2023-08-02,33.07,25.19,83.35,3.13,22.21,0.16,5.182844131030391
2023-08-03,34.18,25.74,81.46,3.41,23.92,0.01,5.729704035433475
2023-08-04,35.71,25.74,78.24,3.22,24.22,0.0,6.106018895985392
2023-08-05,34.16,26.21,82.79,2.0,14.72,4.81,3.8700984184742837
2023-08-06,31.64,22.49,77.23,3.25,21.71,1.37,5.2302180259795685
2023-08-07,30.33,19.72,76.58,1.96,23.17,0.08,5.0577050370596055
2023-08-08,32.33,22.38,72.38,1.12,23.18,0.0,5.266669565930317
2023-08-09,32.53,22.6,76.87,1.56,21.55,0.0,4.99809417715786
2023-08-10,33.27,21.49,69.89,1.73,23.87,0.0,5.65558846053258
2023-08-11,34.91,22.14,69.2,2.15,21.8,0.54,5.641261276102622
2023-08-12,30.92,23.36,86.49,2.6,5.93,28.44,2.061078496138087
2023-08-13,31.5,21.57,79.34,1.98,24.36,0.39,5.310942246928064
2023-08-14,33.01,22.91,68.12,1.02,25.56,0.0,5.77031246339986
2023-08-15,33.38,22.23,67.05,0.97,24.16,0.0,5.508669666538303
2023-08-16,34.45,22.97,70.72,1.68,23.75,0.0,5.733117630089098
2023-08-17,35.16,23.81,70.82,1.37,20.66,0.0,5.155267787086
2023-08-18,33.25,25.92,73.65,0.65,8.86,15.11,2.5514821036721904
2023-08-19,31.51,24.95,80.96,0.87,13.47,10.36,3.302230380608678
2023-08-20,31.11,23.35,83.29,1.22,11.46,8.94,2.901219804012743
2023-08-21,30.57,24.03,81.95,1.18,18.8,35.18,4.228399920311909
2023-08-22,31.87,22.28,76.4,1.38,24.32,0.22,5.340387942164221
2023-08-23,31.7,19.83,67.2,1.45,23.27,0.0,5.27706428973425
2023-08-24,29.08,21.56,74.65,0.82,14.71,9.92,3.4225907192400697
2023-08-25,29.21,19.15,72.87,0.87,22.28,0.25,4.617016573549798
2023-08-26,28.04,20.2,85.99,2.29,3.87,23.34,1.6151299694157881
2023-08-27,22.21,18.39,92.61,3.29,4.32,28.7,1.288131654859838
2023-08-28,27.04,17.3,81.04,3.45,17.34,1.14,3.7438931454442463
2023-08-29,28.67,16.08,76.06,1.54,23.45,0.0,4.6570422028475145
2023-08-30,28.1,18.35,69.11,0.76,23.24,0.3,4.643469038893858
2023-08-31,30.83,18.48,77.55,2.7,22.26,0.21,4.8494342103341355
2023-09-01,28.77,20.39,80.99,1.1,17.29,0.71,3.7081982214771885
2023-09-02,30.19,21.31,73.55,1.19,15.33,0.0,3.672024119873965
2023-09-03,31.61,20.96,78.56,2.38,19.36,0.0,4.485060627985114
2023-09-04,32.38,21.43,74.88,1.27,20.22,0.0,4.581898993766121
2023-09-05,32.2,21.2,74.18,1.3,19.31,0.0,4.429459954695641
2023-09-06,32.11,19.29,70.74,1.18,20.63,0.0,4.594786899862229
2023-09-07,32.65,20.39,71.88,1.05,21.32,0.75,4.713457654906087
2023-09-08,31.84,20.3,70.2,1.61,18.92,0.58,4.503223419014461
2023-09-09,29.91,20.91,73.82,1.34,17.06,0.17,3.9243803994177573
2023-09-10,29.31,20.59,77.17,0.74,10.51,5.93,2.5787153865279753
2023-09-11,28.97,21.19,77.51,1.42,11.1,4.49,2.874823672076484
2023-09-12,24.28,19.5,87.59,2.35,7.9,1.54,1.997146926458266
2023-09-13,28.72,16.95,68.35,2.02,21.35,0.0,4.645217322337319
2023-09-14,29.57,15.84,63.63,1.55,21.84,0.02,4.699287794973036
2023-09-15,30.21,16.15,67.64,1.82,21.17,0.0,4.647757186878124
2023-09-16,30.59,17.57,65.81,1.61,19.95,0.0,4.533526448671544
2023-09-17,31.37,18.27,68.15,2.02,18.11,0.0,4.436525288680912
2023-09-18,31.86,22.22,75.58,2.34,15.85,1.52,4.069082661678081
2023-09-19,26.69,19.09,88.86,2.94,2.85,24.21,1.3527578263578075
2023-09-20,26.76,16.34,73.49,3.33,18.74,0.11,4.14844340799081
2023-09-21,27.58,17.04,65.3,1.28,20.43,0.24,4.20096795940014
2023-09-22,28.09,14.65,65.76,1.59,18.66,0.0,4.014409304724474
2023-09-23,26.54,16.9,71.11,1.91,12.54,0.02,3.1613246802202117
2023-09-24,21.96,15.97,84.51,0.91,4.24,8.17,1.3030776790815033
2023-09-25,22.41,15.13,81.88,1.14,10.56,0.72,2.1965718654725936
2023-09-26,24.56,14.36,84.55,1.54,6.92,0.35,1.767612431221094
2023-09-27,24.81,14.51,83.52,1.4,6.44,0.79,1.7211135965592528
2023-09-28,27.98,15.56,72.87,0.77,13.57,0.07,2.855562513872775
2023-09-29,24.36,16.54,80.8,2.01,14.2,0.35,2.8827185928078416
2023-09-30,25.03,12.17,65.17,2.19,18.33,0.07,3.8142199244653834
2023-10-01,25.89,12.41,50.95,0.97,18.3,0.01,3.6289904265449557
2023-10-02,25.63,12.74,66.33,1.97,13.36,0.0,3.213073525064367
2023-10-03,25.82,13.92,67.74,1.35,16.9,0.0,3.385759248553382
2023-10-04,23.43,13.93,73.9,1.86,9.69,0.0,2.425839945957072
2023-10-05,23.37,9.9,62.21,1.62,11.92,0.0,2.8232074265580116
2023-10-06,23.65,12.91,59.82,1.01,7.76,0.0,2.2133178335311086
2023-10-07,22.66,11.96,68.61,1.66,13.06,0.0,2.7766554145489146
2023-10-08,24.86,11.38,72.61,2.12,12.81,0.0,2.8451187169055796
2023-10-09,24.02,10.21,59.73,2.04,18.15,0.0,3.6821583020416178
2023-10-10,23.96,10.47,58.28,1.22,17.22,0.0,3.2577181980576593
2023-10-11,24.08,10.82,64.62,1.24,14.08,0.0,2.830885791874605
2023-10-12,22.68,11.77,74.97,1.55,7.09,0.0,1.9167290341516083
2023-10-13,24.37,11.9,68.14,1.78,9.09,0.0,2.4712222353937983
2023-10-14,24.61,11.57,56.79,1.25,16.29,0.0,3.233173758956018
2023-10-15,26.31,9.78,61.86,1.37,14.88,0.0,3.0906766507534744
2023-10-16,23.81,9.7,64.66,1.43,14.21,0.0,2.8264608031064573
2023-10-17,27.21,10.36,64.82,2.87,13.41,0.01,3.5348808182877023
2023-10-18,23.05,14.75,65.39,2.65,10.38,0.13,2.9929143609755506
2023-10-19,20.36,9.47,53.11,1.6,7.52,0.02,2.416469044044512
2023-10-20,17.73,4.36,44.66,2.45,17.64,0.0,3.4302415286895536
2023-10-21,22.04,4.28,53.57,1.7,14.88,0.0,2.9774062295265855
2023-10-22,23.59,8.43,62.33,2.63,14.24,0.0,3.241785228613723
2023-10-23,23.81,9.14,67.2,3.41,12.07,0.0,3.1133859243753896
2023-10-24,27.18,10.69,67.23,2.41,12.48,0.0,3.117480093731803
2023-10-25,28.69,10.8,59.11,1.44,13.32,0.0,3.10739741487512
2023-10-26,23.59,10.59,56.62,2.49,14.13,0.0,3.4318238221370496
2023-10-27,24.36,6.73,65.13,2.23,14.45,0.0,2.9746089038043975
2023-10-28,24.93,11.6,77.88,2.73,10.63,0.0,2.4157128557943413
2023-10-29,26.08,12.5,72.44,3.39,10.19,0.0,2.887486845381292
2023-10-30,25.03,10.63,70.28,1.99,9.46,0.0,2.4013648221142807
2023-10-31,26.38,11.69,73.77,2.44,12.19,0.0,2.73376435494263
2023-11-01,28.26,12.44,73.51,2.5,12.6,0.0,2.9280592694368908
2023-11-02,28.44,13.05,69.11,3.21,12.41,0.0,3.3694363866706287
2023-11-03,16.1,10.59,67.0,2.49,5.7,0.01,1.9714189533755075
2023-11-04,21.64,7.11,68.59,1.23,11.28,2.6,2.0587188515994805
2023-11-05,13.77,8.72,90.74,3.34,1.46,39.66,0.7912602435855225
2023-11-06,11.45,1.74,46.91,4.06,14.49,0.0,2.888044691083188
2023-11-07,17.39,0.24,61.29,2.98,13.5,0.13,2.4914704391104276
2023-11-08,17.39,5.3,75.08,1.77,10.45,0.0,1.7446237225587478
2023-11-09,9.52,0.77,57.68,4.39,11.46,0.0,2.2418949893809645
2023-11-10,7.73,-2.64,51.83,3.39,8.35,2.46,1.930618176242249
2023-11-11,4.16,-2.13,78.69,2.12,6.53,0.94,0.9210169100130355
2023-11-12,7.66,-3.82,67.44,2.3,13.34,0.22,1.4805080956018186
2023-11-13,6.9,-3.5,61.7,1.45,11.84,0.0,1.3627130229391362
2023-11-14,10.5,-2.59,76.51,2.27,10.07,0.0,1.2851624061517213
2023-11-15,11.01,-1.64,86.75,1.88,5.71,0.1,0.8670975146209521
2023-11-16,11.57,0.29,57.51,3.31,12.91,0.0,2.1907688343002074
2023-11-17,8.61,-3.09,47.25,3.04,13.8,0.1,2.1434436685675284
2023-11-18,14.34,-1.48,52.23,2.75,12.41,0.0,2.334805183689121
2023-11-19,14.99,-1.44,69.41,2.11,11.75,0.0,1.6964210877314774
2023-11-20,15.83,0.27,78.88,3.15,10.22,0.0,1.5491154765666395
2023-11-21,18.36,4.49,84.5,3.22,8.81,0.0,1.4528283381663718
2023-11-22,17.46,5.42,66.62,2.11,8.46,0.0,1.8674859878034855
2023-11-23,4.84,-4.16,41.62,5.31,13.24,0.0,2.337319793902559
2023-11-24,3.49,-6.34,48.44,2.29,12.49,0.0,1.4919930409449476
2023-11-25,7.18,-3.93,74.75,1.89,2.54,0.38,0.8563552974805219
2023-11-26,10.01,-0.37,84.2,1.48,7.29,0.19,0.9246607520065413
2023-11-27,14.23,-1.41,68.12,2.42,10.65,0.06,1.6669453522779638
2023-11-28,7.93,-4.46,51.03,1.92,10.35,0.0,1.5470771438023847
2023-11-29,3.29,-4.93,46.96,4.29,11.71,0.0,1.855054613420931
2023-11-30,4.71,-5.79,49.34,1.61,11.91,0.0,1.3452742833612543
2023-12-01,4.05,-5.12,51.9,1.78,11.94,0.0,1.3363106038961894
2023-12-02,7.52,-4.33,60.68,1.84,10.96,0.0,1.338803281179571
2023-12-03,10.29,-3.17,64.45,2.46,10.38,0.0,1.5092175163839512
2023-12-04,11.53,-2.09,73.89,2.46,8.65,0.0,1.2904172945768109
2023-12-05,15.31,-0.04,64.4,2.34,8.12,0.0,1.7198724923400923
2023-12-06,12.02,-1.57,56.17,2.81,10.16,0.0,1.9208685756257062
2023-12-07,17.53,-2.23,69.75,3.36,10.22,0.0,1.9117768853026027
2023-12-08,18.85,2.59,74.79,2.26,10.17,0.0,1.6729184123569985
2023-12-09,13.3,1.52,73.35,4.18,8.8,0.0,1.6614962754054634
2023-12-10,6.27,-0.55,64.52,5.69,3.8,0.26,1.6318121567810788
2023-12-11,1.1,-4.44,78.51,4.6,4.15,6.78,0.8168599021924322
2023-12-12,1.51,-6.66,78.07,1.27,8.17,0.0,0.709197274954192
2023-12-13,2.39,-4.51,89.25,1.73,1.52,1.67,0.4589783473533997
2023-12-14,1.01,-5.2,92.83,5.48,2.18,12.79,0.3907746345668944
2023-12-15,-5.42,-13.3,82.47,4.78,3.74,0.1,0.4504398427239692
2023-12-16,-5.62,-16.45,61.02,3.35,9.6,0.0,0.7482615974826594
2023-12-17,-2.76,-13.87,62.25,1.5,10.8,0.0,0.7322158100276815
2023-12-18,-0.66,-11.15,75.25,2.48,5.98,0.0,0.6643566887447249
2023-12-19,-2.66,-13.82,77.82,3.23,9.97,0.0,0.6292300845617057
2023-12-20,-6.73,-16.85,60.12,3.07,11.18,0.0,0.7216666241818318
2023-12-21,-6.87,-19.14,61.06,2.96,11.36,0.0,0.6695048952008636
2023-12-22,-1.32,-15.42,64.03,1.3,9.09,0.0,0.6789085284879851
2023-12-23,-1.65,-10.88,74.76,1.88,9.42,0.0,0.679595717494999
2023-12-24,-0.05,-12.91,70.25,1.66,10.02,0.0,0.737291301053368
2023-12-25,3.96,-8.44,71.45,2.39,10.2,0.0,0.9714643627695957
2023-12-26,2.79,-5.81,89.51,2.59,6.52,0.0,0.5743120752408437
2023-12-27,3.5,-4.86,89.09,1.96,5.39,0.0,0.5756389753383994
2023-12-28,4.13,-6.1,85.19,1.08,5.06,0.0,0.5934197295355802
2023-12-29,3.27,-2.68,92.27,2.2,2.29,0.84,0.46158282754314545
2023-12-30,4.77,-2.17,90.13,1.98,1.06,0.33,0.4898203093907632
2023-12-31,3.95,-4.01,70.63,3.29,9.9,0.0,1.1498632874947268
2024-01-01,3.44,-7.46,81.28,1.93,7.04,0.0,0.7128123382578831
2024-01-02,5.56,-4.56,83.24,1.3,6.78,0.0,0.7284201657689163
2024-01-03,6.68,-6.47,66.71,2.16,10.64,0.0,1.189363933095194
2024-01-04,7.79,-2.65,74.75,3.63,8.63,0.0,1.2215774144607452
2024-01-05,7.24,-3.23,62.8,1.6,10.82,0.0,1.2520534396682477
2024-01-06,3.38,-3.87,55.61,3.07,11.21,0.0,1.4884518053606972
2024-01-07,3.17,-7.77,54.95,1.38,11.11,0.0,1.094952895085843
2024-01-08,5.9,-5.85,72.29,3.7,8.48,0.0,1.1611263151407347
2024-01-09,4.74,-3.93,80.55,2.64,4.39,0.0,0.7909630129756764
2024-01-10,5.58,-6.2,64.5,3.09,10.74,0.0,1.3349790331735087
2024-01-11,7.98,-2.65,81.75,2.59,8.44,0.0,0.9834154399218411
2024-01-12,9.56,-1.2,71.77,1.06,8.42,0.0,1.0723275903595912
2024-01-13,7.12,-0.85,88.19,1.51,4.96,0.0,0.7028096206352946
2024-01-14,2.88,-4.85,60.82,4.72,11.16,0.0,1.5058645565200413
2024-01-15,4.14,-5.2,51.35,1.24,11.93,0.01,1.2391300348198837
2024-01-16,4.03,-1.43,75.81,1.92,4.44,2.35,0.86632978532373
2024-01-17,3.52,-2.67,90.95,1.21,2.29,6.57,0.49282894611566785
2024-01-18,4.65,-4.09,83.65,3.06,3.54,0.62,0.7237999888397518
2024-01-19,2.25,-5.12,74.91,4.13,6.01,0.0,0.9692898723982295
2024-01-20,1.99,-6.78,79.64,3.25,5.13,0.0,0.7629079918016172
2024-01-21,-2.34,-10.11,66.19,3.98,11.39,0.0,0.9954912141260124
2024-01-22,-3.45,-13.72,52.7,3.68,13.23,0.0,1.1163237577564626
2024-01-23,-2.02,-13.35,56.24,3.09,13.39,0.0,1.0962411705474828
2024-01-24,1.65,-11.83,59.84,1.89,12.74,0.0,1.1002645253098748
2024-01-25,4.86,-5.58,53.39,1.4,11.34,0.0,1.3149579490549455
2024-01-26,4.75,-7.45,56.9,1.59,11.35,0.0,1.27278195693451
2024-01-27,5.25,-4.59,54.52,1.59,10.26,0.0,1.3588540786758005
2024-01-28,7.14,-6.6,56.47,1.8,11.26,0.0,1.4509582621695867
2024-01-29,8.81,-3.49,66.68,2.46,9.57,0.0,1.4540852306635277
2024-01-30,6.94,-1.76,77.96,1.85,3.49,0.0,0.8726828429724894
2024-01-31,4.92,-3.64,80.83,4.2,3.61,1.01,0.8773859173167002
2024-02-01,-1.21,-6.64,54.6,5.82,7.73,0.83,1.460064139230288
2024-02-02,0.19,-10.22,66.2,2.48,7.14,0.83,0.9318709893620233
2024-02-03,1.2,-7.49,69.22,2.84,8.2,0.27,1.026794729348268
2024-02-04,0.07,-7.49,79.28,3.07,5.76,3.87,0.7477785401581137
2024-02-05,1.54,-9.81,77.03,1.82,11.72,0.06,0.9277813397909286
2024-02-06,3.39,-5.83,73.89,0.79,8.68,0.69,0.9092242123114805
2024-02-07,3.93,-7.21,73.34,1.89,10.95,0.0,1.0918455266061178
2024-02-08,6.04,-3.7,55.79,0.96,12.47,0.0,1.3986945078097477
2024-02-09,9.32,-4.26,62.32,1.86,9.33,0.0,1.49599153213215
2024-02-10,6.7,-3.8,57.47,2.16,11.2,0.0,1.6231551067479544
2024-02-11,11.46,-2.18,60.15,1.95,14.19,0.0,1.9535912243102698
2024-02-12,13.56,-0.73,84.01,4.0,12.93,0.0,1.5184723570498169
2024-02-13,17.91,1.47,82.72,3.06,13.22,0.0,1.830882136425056
2024-02-14,13.0,-0.13,82.5,4.16,6.35,2.66,1.2782827111091273
2024-02-15,8.25,-3.17,61.12,2.35,12.72,0.12,1.7667185489343067
2024-02-16,12.38,-2.45,62.94,5.43,15.1,1.61,2.4699502484087508
2024-02-17,16.68,-0.43,79.15,5.16,15.12,0.0,2.0766534341836875
2024-02-18,13.73,6.0,93.43,3.31,2.72,2.05,0.739312412786049
2024-02-19,6.63,-2.69,58.29,6.01,4.43,0.98,1.9258589006750706
2024-02-20,1.99,-6.44,59.06,6.24,3.71,7.33,1.4845784786401257
2024-02-21,-2.54,-7.95,67.49,6.67,3.87,3.12,1.0189176604195065
2024-02-22,-0.06,-7.6,63.96,4.15,11.61,0.0,1.3093155504268008
2024-02-23,1.21,-6.52,66.49,2.89,13.59,0.0,1.3514367444025546
2024-02-24,1.68,-6.24,73.88,1.73,8.12,0.31,0.9777145409420201
2024-02-25,6.01,-6.25,67.97,1.78,14.46,0.02,1.5165017828688336
2024-02-26,6.42,-3.19,62.8,2.33,15.76,0.0,1.8409159300971545
2024-02-27,9.09,-3.68,60.86,2.36,15.16,0.0,1.9950596186403433
2024-02-28,10.04,-0.81,69.62,2.18,9.04,0.0,1.5757480977405873
2024-02-29,4.91,-2.2,69.66,4.0,10.12,0.01,1.522041049325841
2024-03-01,5.87,-5.38,46.62,2.47,18.9,0.0,2.2440497881883577
2024-03-02,12.27,-3.44,57.94,3.24,17.34,0.0,2.560244618603326
2024-03-03,14.71,-3.62,61.99,1.15,15.8,0.0,2.139795778370826
2024-03-04,14.07,2.06,73.26,2.24,4.48,0.0,1.4404133342575445
2024-03-05,6.83,0.2,84.98,3.43,3.82,0.05,0.897366541572195
2024-03-06,10.18,-1.58,59.48,2.23,13.84,0.0,2.1163235569901597
2024-03-07,12.69,-1.54,58.24,3.6,11.87,0.06,2.4536870142538416
2024-03-08,10.45,-4.7,45.34,2.76,21.0,0.0,2.8612335151971413
2024-03-09,14.74,-2.66,51.05,3.45,18.8,0.0,3.2076713327437667
2024-03-10,16.81,-0.23,63.71,4.63,12.81,0.0,2.828136978468118
2024-03-11,18.24,1.77,60.44,3.03,16.2,0.0,3.111325886862079
2024-03-12,14.31,-0.24,52.66,2.1,19.69,0.0,2.9876255448056317
2024-03-13,14.04,1.9,63.38,2.87,11.57,0.0,2.3651789660324627
2024-03-14,20.5,2.46,63.9,2.12,18.14,0.0,3.162215593053435
2024-03-15,20.1,5.12,64.93,3.72,19.68,0.0,3.6183310580140535
2024-03-16,21.16,7.84,67.51,3.32,13.38,0.0,3.129456097221919
2024-03-17,14.56,4.95,42.82,3.6,18.95,0.0,3.957050983335442
2024-03-18,18.23,4.57,56.62,3.53,11.63,0.02,3.2091663667137524
2024-03-19,17.21,0.41,38.24,3.19,23.1,0.0,4.350813477620074
2024-03-20,16.68,-1.31,47.86,2.03,22.55,0.01,3.51521354168603
2024-03-21,24.1,3.24,53.42,5.63,17.48,0.0,4.9902358221989935
2024-03-22,21.37,6.96,61.08,2.8,16.92,0.0,3.620692220802408
2024-03-23,23.77,6.53,44.87,2.52,12.12,0.04,3.9688565378955265
2024-03-24,21.28,5.27,58.08,3.62,10.62,1.18,3.409668865776592
2024-03-25,10.93,1.87,80.05,3.64,5.84,5.06,1.3695327027670086
2024-03-26,20.39,2.22,70.22,3.54,18.85,0.0,3.261002931568241
2024-03-27,16.38,8.97,80.05,5.5,12.59,0.0,2.37449547673685
2024-03-28,19.97,6.29,52.66,2.9,22.97,0.01,4.383983958312367
2024-03-29,24.2,5.96,42.7,2.3,23.12,0.01,4.993568125783927
2024-03-30,23.49,7.77,47.63,3.55,23.55,0.0,5.371143836848064
2024-03-31,26.87,5.59,49.18,3.56,22.02,0.0,5.54317536989028
2024-04-01,27.83,9.75,71.01,2.44,16.9,0.0,3.784628853101723
2024-04-02,21.69,8.86,61.73,4.84,13.51,0.0,3.939517963328651
2024-04-03,16.51,7.67,53.69,4.45,8.04,0.38,3.365268603891576
2024-04-04,19.04,6.35,44.12,1.51,12.11,0.31,3.078439526012411
2024-04-05,22.6,5.3,54.31,2.18,18.66,0.31,3.9730116383517298
2024-04-06,26.03,8.94,52.47,2.53,18.82,0.0,4.681779679455449
2024-04-07,27.04,10.75,55.2,2.57,19.38,0.0,4.818238657252943
2024-04-08,28.32,9.9,48.98,2.49,19.46,0.0,5.175817095136073
2024-04-09,21.47,6.97,49.25,2.39,15.74,0.09,3.94469426998603
2024-04-10,26.0,11.27,63.31,2.68,12.94,0.0,3.7102095984907026
2024-04-11,28.9,12.14,65.24,3.38,21.31,0.0,5.074978989341437
2024-04-12,28.84,13.57,65.34,3.83,22.95,0.0,5.43413173672155
2024-04-13,27.96,13.81,64.54,4.73,22.28,0.0,5.529276263664701
2024-04-14,21.09,13.43,77.76,2.11,8.07,2.6,2.193466096746727
2024-04-15,26.04,11.97,52.99,2.87,19.57,0.01,5.065478431161269
2024-04-16,27.24,7.48,39.1,1.44,26.3,0.23,5.429417746094181
2024-04-17,28.33,10.47,48.79,1.97,24.28,0.0,5.517405507359658
2024-04-18,30.95,11.41,48.58,3.09,23.92,0.0,6.481695858047996
2024-04-19,24.77,12.88,57.77,2.01,17.13,0.0,4.163295962031808
2024-04-20,24.19,8.79,59.65,2.71,21.55,0.02,4.606344878698063
2024-04-21,26.14,13.49,50.62,1.27,18.36,0.0,4.262662969441376
2024-04-22,29.27,12.74,55.27,2.65,16.91,0.44,4.935989742085432
2024-04-23,22.21,11.59,55.33,3.73,21.56,18.91,5.048312151231088
2024-04-24,29.51,7.32,43.16,2.99,26.81,0.0,6.692479779080392
2024-04-25,31.58,13.55,49.76,4.56,25.76,0.0,7.557604474211993
2024-04-26,32.21,14.21,48.04,4.1,25.55,0.0,7.59492124901698
2024-04-27,31.71,15.1,56.43,3.32,23.59,0.07,6.404329153913165
2024-04-28,28.37,13.85,60.07,2.61,14.79,0.0,4.391306372033958
2024-04-29,22.08,9.85,57.8,3.77,17.54,0.05,4.452605720774663
2024-04-30,22.34,10.08,50.67,2.41,19.3,0.0,4.554249649465846
2024-05-01,25.51,8.88,40.96,1.53,26.06,0.0,5.404969644823247
2024-05-02,27.58,9.72,42.63,2.64,27.07,0.0,6.415323144032431
2024-05-03,28.37,12.5,43.05,1.72,25.72,0.0,5.901136716810993
2024-05-04,21.88,14.29,67.16,2.38,6.49,1.48,2.585175779025858
2024-05-05,20.46,13.78,77.33,1.0,7.59,0.63,1.9395105580104344
2024-05-06,26.56,12.58,61.01,1.27,18.87,0.07,4.145113686608512
2024-05-07,28.52,14.6,50.11,2.43,22.97,0.02,5.867204412070299
2024-05-08,30.78,11.66,35.31,1.84,27.56,0.0,6.717899436605524
2024-05-09,31.67,14.82,37.25,5.39,26.52,0.0,9.230324528281487
2024-05-10,33.91,15.77,50.36,5.57,25.03,1.85,8.463822458002875
2024-05-11,29.42,15.86,29.15,4.25,26.93,0.22,8.830095285665077
2024-05-12,29.07,11.7,33.68,2.33,29.34,0.52,7.184268337984357
2024-05-13,33.1,12.26,36.0,2.78,27.95,0.0,7.911435172797801
2024-05-14,35.99,16.83,40.76,4.16,25.09,0.38,8.99890955024058
2024-05-15,27.69,14.06,36.02,3.84,30.69,1.5,8.121075859369169
2024-05-16,32.27,11.82,42.02,3.89,21.47,1.8,7.428872713821036
2024-05-17,36.7,18.93,45.99,2.61,26.19,0.0,7.830854063299077
2024-05-18,38.41,18.81,41.1,1.66,25.26,0.06,7.213271954856939
2024-05-19,36.11,22.17,57.45,3.28,21.15,6.95,6.902025499194938
2024-05-20,29.17,16.56,63.89,3.76,18.53,1.26,5.290074080602399
2024-05-21,33.08,17.04,58.83,1.24,21.72,0.72,5.2607621006612
2024-05-22,34.56,19.14,51.77,3.28,25.38,0.0,7.568761419832121
2024-05-23,36.99,19.64,47.52,3.65,25.94,0.0,8.55333712838412
2024-05-24,34.03,19.68,54.55,2.6,17.9,0.0,5.870985466946945
2024-05-25,33.11,17.78,61.46,2.78,15.02,9.15,5.006760106073962
2024-05-26,29.8,18.78,58.61,3.04,25.99,3.44,6.54308498190558
2024-05-27,31.22,16.91,44.11,1.79,26.21,2.62,6.5672432966619345
2024-05-28,33.3,14.61,37.62,2.05,27.28,0.0,7.2945660228753715
2024-05-29,33.04,19.31,35.16,4.97,20.1,0.0,9.05960143636675
2024-05-30,34.36,17.99,40.71,2.54,24.03,0.01,7.41848442284837
2024-05-31,32.37,18.78,42.83,3.81,26.57,0.0,8.315900552765763
2024-06-01,33.99,16.83,41.79,1.91,25.89,0.0,7.002704903054101
2024-06-02,33.45,21.05,43.3,3.61,14.87,0.0,6.889437861779587
2024-06-03,34.92,20.74,42.85,1.82,20.81,0.0,6.36929653472408
2024-06-04,33.21,20.86,39.41,2.97,16.08,0.0,6.7527858266035805
2024-06-05,28.46,19.91,52.48,1.76,14.03,0.88,4.428208436317666
2024-06-06,29.82,17.49,51.22,2.15,18.63,0.0,5.39776958644884
2024-06-07,32.99,21.06,55.33,3.62,16.29,3.19,6.157480769342992
2024-06-08,34.24,18.05,51.76,1.49,19.14,0.0,5.368837880898607
2024-06-09,39.86,22.01,32.92,2.16,23.78,0.0,8.190607288873926
2024-06-10,40.42,21.62,34.57,2.34,23.81,0.0,8.408231211718928
2024-06-11,38.97,25.97,36.39,4.47,21.43,0.0,10.154010337337555
2024-06-12,42.09,24.76,35.87,3.22,24.65,0.07,9.843891989353448
2024-06-13,43.16,26.01,32.88,4.66,23.37,0.02,11.761788150578328
2024-06-14,37.25,26.13,43.11,3.18,15.28,0.67,7.237488970494722
2024-06-15,37.52,22.27,46.72,2.94,24.14,0.04,8.03557763219341
2024-06-16,30.75,23.46,50.15,2.51,14.56,1.13,5.439532903977933
2024-06-17,37.07,21.92,49.13,2.99,25.64,0.03,8.084559851102995
2024-06-18,39.23,24.56,38.72,4.15,21.21,0.0,9.590139527972305
2024-06-19,38.1,25.1,36.96,3.27,23.62,0.0,9.084451329994986
2024-06-20,39.6,24.32,40.41,2.28,24.09,0.0,8.086565158677582
2024-06-21,34.12,24.15,57.51,2.25,5.81,17.27,3.7034427734090003
2024-06-22,35.77,22.36,61.94,1.84,22.02,0.06,6.002147034993827
2024-06-23,36.4,23.48,41.73,2.78,26.01,0.01,8.385699994661518
2024-06-24,34.12,20.83,47.96,2.27,25.19,0.0,7.145718546495439
2024-06-25,36.79,20.03,41.57,1.5,26.64,0.01,7.167530052885074
2024-06-26,35.83,21.8,42.6,3.01,23.22,0.38,7.96311537862075
2024-06-27,35.87,21.47,41.74,2.97,26.92,0.0,8.507721986224947
2024-06-28,36.49,23.35,52.95,3.62,24.13,0.4,8.007047181018164
2024-06-29,35.14,23.38,54.65,2.14,13.78,0.94,5.120767605012138
2024-06-30,37.84,22.04,53.89,2.69,20.99,4.38,6.941683121504831
2024-07-01,29.7,21.75,78.04,2.71,6.79,21.42,2.6805849264158734
2024-07-02,27.42,19.53,81.85,3.18,3.73,20.11,1.999753083309717
2024-07-03,31.23,17.62,74.57,2.53,19.57,0.23,4.7240721254146
2024-07-04,31.81,23.22,79.33,2.14,18.11,19.35,4.4604989557691646
2024-07-05,33.19,22.77,84.67,4.05,9.55,58.86,3.0592866108190377
2024-07-06,31.16,20.59,73.85,1.89,25.31,15.61,5.665868808116838
2024-07-07,34.57,23.7,77.84,1.43,13.4,8.77,3.660126161641233
2024-07-08,28.98,22.74,83.07,2.17,11.49,17.0,3.0412078507207503
2024-07-09,31.05,20.96,77.49,2.68,19.14,0.82,4.659561709502685
2024-07-10,31.43,18.79,63.95,1.26,22.88,0.96,5.299685955771054
2024-07-11,33.18,21.71,68.58,2.03,22.33,0.0,5.624331784568232
2024-07-12,32.18,20.99,72.86,2.25,15.64,0.1,4.31132809553449
2024-07-13,33.01,23.04,74.52,1.25,17.41,4.36,4.3486927287626935
2024-07-14,32.98,23.9,71.4,0.99,19.38,0.28,4.717279234481642
2024-07-15,29.58,23.89,77.37,1.38,15.38,2.87,3.814903368281538
2024-07-16,30.57,23.34,84.17,1.53,8.91,26.98,2.5060066953583053
2024-07-17,31.64,23.87,81.82,1.49,10.38,2.58,2.8818238410748913
2024-07-18,35.09,22.8,73.68,2.61,27.79,0.01,6.677857050472711
2024-07-19,35.45,23.63,79.4,2.89,22.68,10.83,5.609053096752475
2024-07-20,32.43,25.16,81.54,2.33,25.61,36.28,5.7953019115076945
2024-07-21,34.81,24.41,85.06,2.86,18.61,2.39,4.539095956373492
2024-07-22,34.49,28.07,86.25,3.47,12.72,7.34,3.5850943536753928
2024-07-23,31.9,28.13,90.64,2.67,13.81,4.23,3.334202180182077
2024-07-24,35.93,27.38,82.52,2.45,19.88,4.52,5.075962356776941
2024-07-25,31.1,25.67,89.51,2.81,6.34,14.25,2.0164443279827085
2024-07-26,33.52,24.95,81.82,1.66,16.85,13.8,4.188060646385844
2024-07-27,33.32,25.0,83.95,2.65,17.27,5.15,4.281944518402628
2024-07-28,31.44,25.83,89.13,2.19,13.07,24.23,3.179118417200445
2024-07-29,33.54,25.93,86.45,2.13,18.79,16.43,4.437922307402717
2024-07-30,34.32,26.38,81.11,3.99,23.85,0.57,5.847119105271326
2024-07-31,32.44,26.93,84.62,3.93,21.78,0.6,5.110826457734405
2024-08-01,33.95,26.43,83.42,3.29,14.29,0.05,3.9582441935478707
2024-08-02,34.98,26.28,80.1,2.7,22.32,0.01,5.555886662469603
2024-08-03,34.61,26.75,81.44,2.65,23.27,1.92,5.64253854903353
2024-08-04,32.81,26.51,84.71,2.38,21.75,22.12,5.0404622596391935
2024-08-05,33.62,25.64,79.6,0.83,19.62,11.06,4.631005548579842
2024-08-06,32.43,24.44,80.93,0.89,21.47,5.21,4.861339772166572
2024-08-07,31.84,23.62,85.98,1.69,15.86,17.63,3.7152165192017432
2024-08-08,32.14,21.15,79.57,2.92,18.27,6.33,4.477086102689997
2024-08-09,31.39,23.86,88.67,2.29,13.53,9.79,3.2100457150222326
2024-08-10,34.81,26.46,75.86,2.84,22.68,2.77,5.861833706616583
2024-08-11,33.28,21.76,67.46,1.82,25.66,3.91,6.068398583667346
2024-08-12,32.98,22.64,69.21,1.55,25.72,0.02,5.951028154160884
2024-08-13,32.58,23.28,77.94,1.93,18.71,0.22,4.564289845854429
2024-08-14,31.94,22.8,79.51,1.7,20.11,1.87,4.641808581441471
2024-08-15,32.79,23.11,77.91,1.13,20.28,3.28,4.672763104035232
2024-08-16,32.53,23.92,78.86,1.26,18.97,2.73,4.456580836964854
2024-08-17,32.47,24.91,79.52,0.81,18.6,16.64,4.313893876082361
2024-08-18,30.75,24.92,83.75,1.28,12.6,31.19,3.1322750661437055
2024-08-19,28.18,23.51,90.05,1.43,11.56,29.9,2.6577329307442628
2024-08-20,30.09,22.41,82.33,1.63,21.37,0.59,4.602269534945518
2024-08-21,31.53,22.21,76.0,0.74,21.58,0.0,4.713939351625899
2024-08-22,33.46,22.55,74.95,1.4,22.42,0.0,5.17393110955886
2024-08-23,34.08,23.64,75.13,1.07,21.29,0.28,4.964182507970616
2024-08-24,34.15,25.11,72.17,0.88,20.91,0.54,4.940217612285072
2024-08-25,34.32,25.3,79.15,1.1,13.09,8.94,3.4202236965650195
2024-08-26,32.33,22.73,90.17,3.98,5.09,46.14,1.8419156333729678
2024-08-27,27.6,19.01,82.88,6.39,14.19,20.99,3.534836657819966
2024-08-28,28.91,17.38,80.41,2.56,24.1,0.02,4.757837408076212
2024-08-29,31.01,18.49,74.97,0.79,23.38,0.0,4.805396534071193
2024-08-30,32.87,21.84,77.1,1.54,22.18,0.0,4.990661415658697
2024-08-31,32.54,24.15,79.13,1.58,20.3,0.0,4.695853907902939
2024-09-01,32.57,22.4,83.76,3.28,14.25,1.31,3.6481491908222563
2024-09-02,28.48,18.82,78.57,2.64,15.57,0.46,3.685571332268997
2024-09-03,28.91,17.72,70.75,1.37,21.06,0.34,4.459040954535433
2024-09-04,32.38,20.41,74.49,3.24,21.57,0.01,5.21188525385946
2024-09-05,28.04,19.07,81.4,3.81,9.47,6.69,2.862508163348881
2024-09-06,28.76,17.1,72.88,1.74,22.83,0.0,4.685524774989413
2024-09-07,30.31,18.14,74.55,1.23,18.89,0.0,4.085029783302899
2024-09-08,31.49,21.24,79.18,1.65,16.12,0.01,3.7910417406576893
2024-09-09,33.16,22.51,78.41,2.9,20.42,0.18,4.891716673053236
2024-09-10,28.42,19.22,87.19,2.93,5.32,5.01,1.8262453448138531
2024-09-11,26.97,18.44,81.27,3.52,8.11,2.2,2.5773148737408818
2024-09-12,29.26,17.2,78.18,2.78,13.65,2.81,3.4167475321264416
2024-09-13,28.24,20.14,80.3,1.73,8.87,2.05,2.4644081608664496
2024-09-14,28.07,18.03,78.74,3.41,7.83,2.05,2.7172083655882777
2024-09-15,25.94,16.38,73.98,2.55,19.84,0.13,4.091220467666781
2024-09-16,29.01,16.34,73.28,1.2,20.85,0.0,4.175631074725934
2024-09-17,30.09,18.6,76.01,2.9,17.7,0.33,4.173174663527239
2024-09-18,30.63,21.04,84.61,2.11,10.69,3.56,2.7163216076636396
2024-09-19,31.73,22.3,83.56,1.32,11.05,0.91,2.7453305038553153
2024-09-20,31.94,14.83,82.19,3.53,11.02,2.61,3.013289355470423
2024-09-21,22.4,12.35,64.93,4.5,20.2,0.55,4.388780252576657
2024-09-22,23.08,10.7,68.34,2.62,20.33,0.17,3.8548734795163218
2024-09-23,24.43,11.1,58.24,0.87,20.19,0.0,3.642591699626817
2024-09-24,26.54,11.62,59.09,2.08,20.15,0.0,4.332465538394817
2024-09-25,27.5,13.24,68.29,1.48,15.76,0.0,3.4225445072260543
2024-09-26,28.34,16.18,73.76,1.3,9.96,0.0,2.5702164093277022
2024-09-27,28.45,17.26,77.57,1.38,12.74,0.02,2.895390004419017
2024-09-28,29.33,18.46,71.82,2.64,16.04,0.0,3.9745910390187134
2024-09-29,29.74,18.03,77.49,2.77,15.33,0.23,3.6337191840981267
2024-09-30,22.47,10.49,86.34,4.27,3.18,16.63,1.4555664457471265
2024-10-01,20.67,7.36,63.49,3.34,20.19,0.07,3.7491442641107025
2024-10-02,19.19,4.03,55.44,1.69,20.55,0.0,3.3509731753379124
2024-10-03,22.45,6.29,50.81,1.21,19.99,0.0,3.4922961946392346
2024-10-04,22.81,5.8,61.51,2.23,17.71,0.0,3.4462902108467213
2024-10-05,24.27,10.47,70.9,1.97,15.8,0.0,3.125777768318228
2024-10-06,22.72,13.39,74.4,1.38,13.01,0.0,2.5882326175738486
2024-10-07,21.31,12.72,76.65,2.14,11.55,0.0,2.4364174909262872
2024-10-08,23.23,9.3,61.76,1.06,17.62,0.0,3.0967984367893515
2024-10-09,23.82,12.6,70.7,2.81,6.38,0.0,2.4519459810858293
2024-10-10,22.02,10.3,56.92,2.72,16.86,0.0,3.750310752308508
2024-10-11,25.7,7.77,54.47,1.62,16.99,0.0,3.550283580346239
2024-10-12,27.0,12.07,63.82,1.9,15.44,0.0,3.46339967819987
2024-10-13,24.88,14.83,75.69,2.26,8.46,0.0,2.3604708498228613
2024-10-14,25.97,13.57,76.63,1.84,12.52,0.0,2.6708864620064388
2024-10-15,26.27,13.65,79.08,1.8,11.04,0.0,2.4247343726536053
2024-10-16,24.94,12.89,79.34,2.02,9.59,0.0,2.222388730768489
2024-10-17,22.3,15.76,86.32,2.28,7.68,8.18,1.7577984418118424
2024-10-18,17.83,11.11,88.45,5.26,2.5,33.28,1.1898941636003317
2024-10-19,12.79,2.93,56.03,5.21,17.06,0.0,3.116561117567673
2024-10-20,13.05,2.39,70.87,1.42,10.31,0.61,1.6521440607311537
2024-10-21,13.8,4.9,76.52,0.84,9.03,0.13,1.4414022954610741
2024-10-22,15.75,6.22,78.62,2.89,9.88,2.65,1.806103487146253
2024-10-23,19.51,4.0,78.08,2.99,15.44,0.06,2.324145048964069
2024-10-24,21.64,7.03,77.28,2.48,13.84,0.0,2.388681217922782
2024-10-25,21.09,7.75,79.47,1.46,11.95,0.0,2.0044886324439797
2024-10-26,21.18,8.58,82.1,1.15,12.48,0.0,1.970136667994581
2024-10-27,19.75,7.91,78.52,2.66,11.32,0.0,2.077392903704165
2024-10-28,19.18,6.02,68.57,1.03,15.68,0.0,2.260033177668091
2024-10-29,22.14,7.28,76.69,2.33,13.12,0.0,2.3234712687615957
2024-10-30,19.4,10.72,81.13,1.39,8.42,0.0,1.6221128750558564
2024-10-31,19.71,9.84,87.98,1.44,8.37,0.11,1.446387942789595
2024-11-01,20.25,8.5,79.17,2.07,11.59,0.1,1.9970288440715693
2024-11-02,22.61,9.46,75.85,1.27,12.94,0.0,2.16544564026082
2024-11-03,21.81,9.42,76.18,2.82,10.07,0.0,2.1997769177505297
2024-11-04,11.09,2.84,52.38,3.46,12.35,0.0,2.5061996149579406
2024-11-05,15.91,3.07,56.11,1.08,14.17,0.0,2.027089835747814
2024-11-06,17.77,2.01,58.82,2.04,13.64,0.0,2.3774420187223115
2024-11-07,18.31,4.5,69.98,3.22,11.43,0.0,2.267858603104334
2024-11-08,17.84,6.26,77.13,2.88,9.4,0.0,1.8271903174655593
2024-11-09,16.82,7.13,85.96,2.47,6.66,0.02,1.2726516154310352
2024-11-10,20.18,9.98,84.16,1.89,4.57,0.24,1.2603902019402142
2024-11-11,19.0,11.74,84.47,1.01,4.88,0.16,1.1431065788262398
2024-11-12,18.56,10.79,89.37,0.93,2.99,1.37,0.8682047423139259
2024-11-13,19.87,12.99,89.09,2.21,3.33,3.9,1.053528740571081
2024-11-14,18.69,11.4,91.19,1.55,1.93,4.36,0.7940006464725637
2024-11-15,18.7,10.5,86.26,1.01,4.29,0.76,1.0288347625736523
2024-11-16,15.66,8.04,66.37,2.95,6.72,0.37,2.0214941975019163
2024-11-17,14.16,3.82,60.58,2.45,12.19,0.04,2.1205689081662666
2024-11-18,11.2,1.18,63.84,2.06,9.28,0.0,1.6038062002366011
2024-11-19,11.16,3.39,80.88,2.41,7.42,0.0,1.191093164246245
2024-11-20,14.39,4.51,77.4,1.51,9.39,0.0,1.3779574585858416
2024-11-21,15.56,1.74,69.14,1.78,11.84,0.0,1.7077111542929333
2024-11-22,14.96,1.28,65.42,1.71,11.76,0.0,1.7253191394870748
2024-11-23,13.68,0.86,70.69,2.23,9.69,0.0,1.5584591272908284
2024-11-24,11.56,1.76,75.1,2.13,5.91,0.01,1.2148563964675339
2024-11-25,6.98,-0.4,82.03,3.02,3.39,14.04,0.864049918565798
2024-11-26,8.15,-5.6,53.73,3.39,12.23,0.0,1.8478587271094857
2024-11-27,6.22,-6.33,48.41,3.83,12.52,0.0,1.9172404168618626
2024-11-28,8.0,-3.98,58.14,3.63,11.95,0.0,1.7813618017899169
2024-11-29,15.29,-1.79,59.99,1.91,11.67,0.0,1.8190723503854491
2024-11-30,15.82,0.92,67.48,1.97,9.85,0.0,1.6568237450197005
2024-12-01,16.01,1.07,71.75,1.85,9.47,0.0,1.5129520020797886
2024-12-02,7.45,-0.07,57.04,4.25,9.65,0.0,1.934289988771493
2024-12-03,9.53,-3.31,56.82,1.13,11.03,0.0,1.2959593806537535
2024-12-04,10.1,-1.98,58.41,1.01,9.31,0.0,1.221953434761699
2024-12-05,10.84,-2.71,71.18,1.55,9.84,0.0,1.2049524944363008
2024-12-06,11.05,-1.87,65.56,1.99,8.76,0.0,1.3906790382048468
2024-12-07,3.61,-4.43,63.22,3.17,11.41,0.0,1.3184767450710035
2024-12-08,7.37,-4.05,51.49,1.32,11.38,0.0,1.324217004257347
2024-12-09,6.81,-3.59,58.42,1.4,7.59,0.0,1.1486563335627127
2024-12-10,7.61,-0.57,59.67,1.25,5.9,0.0,1.1204386619595457
2024-12-11,6.11,-2.85,80.86,1.99,7.27,0.0,0.8532160030793158
2024-12-12,4.73,-3.14,77.8,1.34,4.56,1.04,0.7367380292462984
2024-12-13,4.17,-3.92,65.97,3.56,8.55,1.46,1.2681957425173802
2024-12-14,4.8,-5.04,60.73,1.75,11.25,0.16,1.1771193303375065
2024-12-15,6.98,-4.29,54.62,1.61,11.18,0.0,1.3306397643279086
2024-12-16,8.07,-3.5,61.25,1.47,10.78,0.0,1.2409470362739872
2024-12-17,6.38,-3.95,60.84,2.47,9.8,0.0,1.35805416468159
2024-12-18,2.82,-4.64,66.81,2.37,11.13,0.0,1.1032717256778344
2024-12-19,2.25,-4.62,71.02,2.04,6.97,0.0,0.8923144463087493
2024-12-20,5.11,-6.04,73.78,2.86,8.82,0.0,1.0133953966983136
2024-12-21,0.78,-8.27,61.04,3.45,11.17,0.0,1.1653809773029442
2024-12-22,3.61,-7.16,57.64,1.04,11.05,0.0,0.9785724651155466
2024-12-23,5.3,-3.82,56.73,1.03,10.49,0.0,1.076174874947379
2024-12-24,3.89,-4.59,68.37,1.99,3.74,0.0,0.906842027980969
2024-12-25,4.64,-3.97,73.55,2.14,6.59,0.0,0.9281643070111865
2024-12-26,3.16,-6.02,54.56,2.61,10.46,0.0,1.336746659294804
2024-12-27,2.71,-5.06,49.38,2.61,10.97,0.0,1.4491371099538763
2024-12-28,5.46,-8.35,58.8,1.93,11.03,0.0,1.2054750480292677
2024-12-29,6.39,-6.73,69.58,2.95,8.57,0.0,1.1540319957468952
2024-12-30,7.69,-4.27,66.4,2.19,9.38,0.0,1.24272533804673
2024-12-31,8.09,-4.98,63.13,2.73,11.26,0.0,1.4501651981205836
