date,tmax,tmin,rh,u2,rs,rain
2022-01-01,0.34,-6.96,47.3,2.14,9.89,0.0
2022-01-02,1.03,-8.93,76.3,1.87,8.71,0.0
2022-01-03,-0.45,-12.36,64.7,3.35,9.92,0.0
2022-01-04,-2.03,-11.33,59.5,1.86,5.53,0.0
2022-01-05,-0.98,-11.83,54.9,1.62,10.07,0.0
2022-01-06,-2.35,-9.84,54.1,3.2,9.47,0.0
2022-01-07,0.24,-11.12,50.7,3.34,6.27,2.81
2022-01-08,3.42,-6.49,56.6,2.47,15.29,0.0
2022-01-09,-1.18,-12.63,62.1,0.81,5.93,0.0
2022-01-10,-1.52,-12.46,60.2,1.72,6.24,0.0
2022-01-11,1.24,-10.11,47.9,2.69,9.68,0.0
2022-01-12,0.9,-6.39,59.3,2.21,3.05,0.0
2022-01-13,0.26,-10.31,53.1,3.44,6.49,0.0
2022-01-14,-2.33,-10.31,63.6,1.11,4.31,0.0
2022-01-15,-0.07,-8.4,80.6,2.74,5.99,0.0
2022-01-16,1.75,-6.88,68.3,1.7,8.5,4.78
2022-01-17,-3.34,-13.3,58.9,3.26,9.87,6.64
2022-01-18,-1.11,-11.25,45.8,2.14,12.23,2.07
2022-01-19,-4.7,-16.35,47.9,3.02,11.36,0.0
2022-01-20,-3.14,-10.21,45.1,1.68,12.52,0.0
2022-01-21,-4.5,-12.46,69.3,1.07,10.76,0.0
2022-01-22,-0.45,-9.26,54.3,1.31,7.62,17.64
2022-01-23,-2.99,-14.08,62.6,1.71,12.39,10.46
2022-01-24,0.9,-8.85,55.8,1.38,7.62,0.0
2022-01-25,0.65,-8.91,62.9,3.16,7.27,0.0
2022-01-26,-0.16,-10.96,76.0,3.27,13.72,2.8
2022-01-27,-5.93,-16.2,55.2,2.42,11.54,0.0
2022-01-28,-0.93,-9.38,58.6,1.37,9.88,26.82
2022-01-29,0.36,-7.08,53.9,2.11,11.51,0.0
2022-01-30,0.83,-8.48,70.7,1.65,11.93,5.11
2022-01-31,-3.21,-14.61,51.7,3.36,5.26,0.0
2022-02-01,-0.51,-10.5,50.7,2.45,9.11,0.0
2022-02-02,-1.68,-8.95,48.1,2.59,5.9,0.0
2022-02-03,-1.18,-10.38,47.9,1.88,9.85,0.0
2022-02-04,3.58,-5.34,66.7,0.59,7.53,0.0
2022-02-05,-1.0,-10.92,87.7,1.58,13.66,0.0
2022-02-06,1.03,-8.91,52.0,1.31,11.2,0.0
2022-02-07,3.41,-8.34,71.5,2.5,7.27,0.0
2022-02-08,-0.16,-8.85,64.5,2.28,9.71,0.0
2022-02-09,1.13,-7.91,51.0,1.56,6.19,0.0
2022-02-10,1.79,-8.28,59.2,1.89,10.01,0.0
2022-02-11,1.78,-9.65,59.7,3.45,11.59,0.0
2022-02-12,-1.33,-11.86,55.1,1.43,10.8,0.0
2022-02-13,2.05,-7.31,81.3,1.47,4.3,0.0
2022-02-14,5.37,-5.7,42.9,2.02,9.15,0.0
2022-02-15,-1.77,-11.19,65.8,1.64,11.75,0.0
2022-02-16,4.38,-7.44,65.3,1.86,11.21,0.0
2022-02-17,2.66,-5.75,56.2,2.63,13.84,0.0
2022-02-18,0.9,-6.74,63.5,3.59,6.59,4.77
2022-02-19,7.64,-3.51,70.8,0.78,12.09,0.0
2022-02-20,4.69,-3.8,63.5,2.19,8.65,10.67
2022-02-21,-0.07,-11.31,66.2,2.23,11.27,0.0
2022-02-22,3.26,-6.78,68.9,2.13,11.98,0.0
2022-02-23,4.67,-4.87,41.7,2.05,12.91,0.0
2022-02-24,2.91,-4.52,76.8,1.93,9.2,0.0
2022-02-25,5.25,-5.68,84.8,3.0,11.57,0.0
2022-02-26,3.54,-3.79,71.8,1.83,7.61,0.0
2022-02-27,5.54,-6.29,72.1,2.1,6.97,0.0
2022-02-28,7.63,-3.75,47.9,2.2,12.95,0.0
2022-03-01,2.52,-6.0,60.8,2.29,11.22,10.55
2022-03-02,4.89,-2.75,53.9,2.06,6.62,0.0
2022-03-03,3.4,-8.03,56.1,3.0,9.02,0.0
2022-03-04,5.06,-4.34,71.7,2.19,11.72,0.0
2022-03-05,1.95,-5.67,54.0,2.34,16.42,0.0
2022-03-06,3.66,-5.84,60.7,2.16,14.99,0.0
2022-03-07,4.8,-3.43,42.9,1.4,14.35,1.28
2022-03-08,7.73,-1.31,60.4,1.54,6.71,0.0
2022-03-09,8.54,-1.66,62.9,1.36,11.87,4.52
2022-03-10,2.56,-9.02,55.0,2.35,13.7,0.0
2022-03-11,4.08,-6.93,54.8,1.63,13.55,0.0
2022-03-12,7.88,0.08,80.9,1.35,13.72,0.0
2022-03-13,1.49,-7.9,49.9,2.39,11.88,0.0
2022-03-14,5.51,-3.95,51.5,2.62,17.96,0.0
2022-03-15,6.64,-5.31,53.9,0.79,17.22,3.84
2022-03-16,10.23,2.8,74.0,3.55,12.62,3.34
2022-03-17,9.02,-0.53,83.0,2.23,10.08,0.0
2022-03-18,6.69,-4.88,65.3,2.12,19.28,6.41
2022-03-19,6.8,-2.19,54.8,3.05,11.58,0.73
2022-03-20,7.32,-0.99,57.7,2.26,16.94,7.17
2022-03-21,11.97,2.19,72.6,1.72,19.19,0.0
2022-03-22,7.31,-1.29,52.9,3.96,10.75,0.0
2022-03-23,7.84,-3.79,76.5,1.34,14.56,9.63
2022-03-24,9.71,2.28,76.2,2.12,12.76,0.0
2022-03-25,8.75,0.71,62.7,2.88,15.47,0.0
2022-03-26,8.78,1.36,68.5,1.34,15.0,0.0
2022-03-27,6.72,-3.84,69.5,2.12,19.99,0.0
2022-03-28,9.7,1.24,77.5,2.51,16.04,0.0
2022-03-29,8.85,-2.65,51.5,4.12,14.36,0.0
2022-03-30,13.11,1.64,73.8,1.49,17.88,0.0
2022-03-31,12.06,0.38,58.2,2.16,13.81,0.0
2022-04-01,10.6,2.32,54.3,2.73,13.65,0.0
2022-04-02,12.56,5.56,63.0,2.26,21.58,0.0
2022-04-03,10.28,1.34,59.9,1.24,12.52,0.0
2022-04-04,14.0,2.18,52.1,2.53,13.64,0.0
2022-04-05,11.59,0.77,46.0,2.29,15.35,0.0
2022-04-06,13.3,6.0,52.6,2.56,12.17,0.0
2022-04-07,8.85,-1.66,76.5,3.11,9.14,8.19
2022-04-08,13.18,1.6,81.6,3.01,18.75,0.0
2022-04-09,8.34,-3.5,68.5,2.53,13.35,0.0
2022-04-10,7.71,-2.87,73.9,2.45,14.2,0.0
2022-04-11,12.28,0.96,56.8,1.32,14.83,0.0
2022-04-12,11.03,-0.18,61.2,2.09,13.12,0.0
2022-04-13,13.93,5.14,64.8,2.38,12.96,0.0
2022-04-14,19.37,11.88,51.2,1.88,16.79,0.0
2022-04-15,11.92,1.28,52.1,2.28,23.62,0.0
2022-04-16,12.68,5.0,63.0,1.54,18.75,0.0
2022-04-17,15.0,6.07,58.8,3.43,18.91,0.0
2022-04-18,15.96,3.98,51.4,3.92,12.27,0.0
2022-04-19,14.52,4.72,65.9,1.89,16.83,0.0
2022-04-20,14.69,5.08,59.4,2.52,13.47,4.33
2022-04-21,17.2,5.46,72.2,2.01,19.46,0.0
2022-04-22,16.98,8.56,61.9,3.21,16.58,0.0
2022-04-23,13.34,1.34,59.0,2.55,17.49,0.0
2022-04-24,15.96,4.4,63.3,2.26,17.23,0.0
2022-04-25,16.49,7.67,60.3,2.02,15.86,0.0
2022-04-26,14.0,5.36,55.3,2.3,13.16,0.0
2022-04-27,17.52,9.89,58.0,1.4,19.58,0.0
2022-04-28,14.96,3.38,69.5,2.74,13.81,0.0
2022-04-29,19.77,11.84,68.5,1.63,14.53,0.0
2022-04-30,18.06,11.01,74.9,2.63,17.29,0.0
2022-05-01,18.03,6.58,45.1,2.3,16.18,0.0
2022-05-02,16.56,6.57,58.1,3.08,19.2,0.0
2022-05-03,17.97,7.61,57.9,2.19,21.55,0.0
2022-05-04,13.5,2.84,63.7,3.02,19.38,0.0
2022-05-05,15.9,8.68,57.5,1.46,19.33,0.0
2022-05-06,19.86,12.4,56.9,2.69,18.92,0.0
2022-05-07,13.85,4.36,69.8,2.02,21.53,0.0
2022-05-08,21.52,14.26,63.8,2.36,13.53,0.0
2022-05-09,15.26,5.73,50.3,2.26,20.28,0.0
2022-05-10,21.73,11.05,75.3,2.95,16.48,0.0
2022-05-11,17.95,7.66,72.0,0.58,15.68,3.17
2022-05-12,22.22,12.14,56.3,2.46,19.5,5.15
2022-05-13,20.82,13.59,70.3,1.0,18.43,0.0
2022-05-14,16.86,8.68,54.6,3.17,21.44,8.44
2022-05-15,24.04,12.55,73.3,0.62,23.09,0.0
2022-05-16,24.73,17.11,59.8,1.4,12.91,1.52
2022-05-17,21.16,11.5,54.0,0.86,19.77,0.0
2022-05-18,20.85,13.6,58.3,3.51,25.96,0.0
2022-05-19,21.33,9.64,54.3,1.17,22.78,0.0
2022-05-20,19.5,11.64,63.9,2.29,24.61,1.36
2022-05-21,24.88,15.83,63.8,1.77,20.67,0.0
2022-05-22,20.97,11.24,62.4,0.76,16.15,0.0
2022-05-23,22.39,11.8,56.4,1.93,17.17,0.0
2022-05-24,20.73,9.04,25.4,2.73,22.77,4.95
2022-05-25,21.33,10.65,62.9,2.05,23.6,0.0
2022-05-26,19.89,11.15,43.0,2.95,18.61,0.0
2022-05-27,26.41,19.03,64.4,1.91,20.08,0.0
2022-05-28,23.06,12.52,73.3,2.21,21.76,0.0
2022-05-29,26.03,14.17,64.7,1.89,15.8,0.0
2022-05-30,23.83,16.74,58.1,2.47,20.08,0.0
2022-05-31,22.23,11.35,60.2,3.72,26.06,0.0
2022-06-01,23.31,15.43,60.7,2.49,27.84,0.0
2022-06-02,22.9,13.6,56.5,2.36,21.04,3.84
2022-06-03,24.48,14.86,56.2,1.71,26.93,1.49
2022-06-04,23.68,13.61,52.8,1.6,19.93,9.19
2022-06-05,24.02,12.07,73.9,3.37,19.14,2.81
2022-06-06,21.48,11.04,61.8,1.31,14.93,27.53
2022-06-07,23.06,14.09,71.6,1.47,24.58,0.0
2022-06-08,29.35,18.78,59.5,2.12,20.65,0.0
2022-06-09,23.68,14.35,62.7,1.86,28.85,0.0
2022-06-10,22.87,13.8,60.3,3.76,22.89,0.0
2022-06-11,26.48,17.65,66.6,0.4,22.52,7.38
2022-06-12,29.29,19.82,70.3,2.49,16.59,0.0
2022-06-13,22.26,13.86,64.4,2.77,26.57,0.0
2022-06-14,25.5,17.29,55.3,1.3,21.03,0.0
2022-06-15,24.56,16.82,54.2,1.68,21.69,6.37
2022-06-16,21.86,12.66,78.6,2.55,15.61,0.0
2022-06-17,28.21,19.75,59.2,3.5,25.05,0.0
2022-06-18,26.43,15.24,59.1,1.46,25.29,0.0
2022-06-19,26.77,15.53,76.7,0.94,20.55,3.58
2022-06-20,24.82,16.1,72.9,2.98,22.69,0.0
2022-06-21,27.93,17.84,67.3,3.42,23.62,0.0
2022-06-22,25.55,14.03,58.0,1.93,25.37,12.75
2022-06-23,26.63,17.83,85.5,0.43,22.84,0.0
2022-06-24,24.3,14.53,65.9,3.36,27.73,0.0
2022-06-25,24.12,14.9,67.5,2.04,21.86,0.0
2022-06-26,30.58,20.33,60.3,3.1,20.8,0.0
2022-06-27,26.05,14.25,47.9,2.17,21.25,0.0
2022-06-28,28.12,20.42,48.7,1.9,15.06,0.0
2022-06-29,27.37,15.54,66.1,1.84,20.28,0.0
2022-06-30,26.42,16.09,65.9,3.38,25.74,3.99
2022-07-01,26.31,15.33,59.6,3.35,23.54,0.0
2022-07-02,29.21,19.04,50.3,0.49,20.31,0.0
2022-07-03,26.94,15.58,47.6,1.45,23.83,0.0
2022-07-04,27.36,18.73,58.7,3.62,16.74,0.0
2022-07-05,27.84,17.3,47.4,1.91,21.95,0.0
2022-07-06,30.76,22.44,71.0,1.11,24.39,2.77
2022-07-07,29.56,20.02,73.5,2.2,24.92,0.0
2022-07-08,28.85,18.44,90.3,2.11,20.51,0.0
2022-07-09,26.51,18.5,70.8,2.12,25.57,0.0
2022-07-10,24.49,17.18,56.1,1.82,28.45,8.46
2022-07-11,30.34,19.38,53.3,1.95,21.56,0.0
2022-07-12,30.39,19.35,27.5,1.84,25.06,6.29
2022-07-13,27.64,17.31,56.1,2.47,18.16,0.0
2022-07-14,29.35,20.74,60.2,1.55,16.94,8.18
2022-07-15,29.95,19.66,71.7,1.97,24.65,0.0
2022-07-16,30.08,22.66,68.1,2.08,22.93,0.0
2022-07-17,30.3,19.98,67.9,3.24,23.39,0.0
2022-07-18,26.85,16.96,64.1,2.5,21.03,10.51
2022-07-19,31.76,21.67,68.6,2.11,21.88,0.0
2022-07-20,24.84,15.6,76.5,2.63,25.18,0.0
2022-07-21,30.09,21.96,51.4,2.52,27.88,0.0
2022-07-22,29.14,18.51,57.4,3.07,22.05,0.0
2022-07-23,30.06,20.74,48.1,2.61,17.72,0.0
2022-07-24,32.54,21.81,78.2,3.64,26.47,0.0
2022-07-25,31.51,22.69,75.0,3.28,24.43,0.0
2022-07-26,24.9,17.46,69.5,2.17,24.64,0.0
2022-07-27,23.49,13.78,50.0,1.87,23.1,4.55
2022-07-28,29.71,19.59,63.7,2.91,29.49,0.0
2022-07-29,25.07,13.46,59.7,2.61,22.71,1.58
2022-07-30,27.52,16.08,62.8,2.12,23.99,0.0
2022-07-31,29.59,22.3,60.1,1.02,16.84,0.0
2022-08-01,23.31,12.45,67.2,0.73,20.62,0.0
2022-08-02,22.08,13.77,58.1,2.48,20.25,0.0
2022-08-03,27.93,17.44,70.5,2.82,22.18,0.0
2022-08-04,27.31,18.41,64.4,2.84,23.27,4.92
2022-08-05,26.5,17.89,59.1,1.17,19.92,9.2
2022-08-06,27.13,17.69,60.9,3.03,27.31,0.0
2022-08-07,24.79,15.14,57.6,1.77,18.87,6.91
2022-08-08,23.06,12.59,70.1,2.51,20.65,5.09
2022-08-09,26.33,16.14,59.3,2.53,22.66,0.0
2022-08-10,24.22,13.83,64.9,1.56,18.13,0.0
2022-08-11,22.43,13.51,58.1,1.73,23.54,0.0
2022-08-12,27.7,17.31,47.1,0.54,23.66,5.98
2022-08-13,26.17,17.44,71.1,1.47,20.82,0.0
2022-08-14,27.22,17.18,51.4,0.76,27.36,0.0
2022-08-15,23.61,14.31,68.8,2.55,21.81,0.0
2022-08-16,24.32,14.5,66.2,2.25,22.34,0.0
2022-08-17,23.34,16.25,45.4,2.93,18.54,0.0
2022-08-18,23.49,13.99,52.6,2.49,16.32,0.0
2022-08-19,26.06,17.96,56.9,1.69,19.38,0.0
2022-08-20,23.47,14.55,53.8,2.48,20.23,6.66
2022-08-21,26.18,18.81,50.2,1.89,19.75,0.0
2022-08-22,26.0,15.71,69.4,2.69,23.34,0.0
2022-08-23,30.06,18.59,59.6,2.45,13.79,0.0
2022-08-24,21.37,12.59,65.9,1.41,17.47,0.0
2022-08-25,26.91,19.39,57.7,2.2,15.3,0.0
2022-08-26,24.31,14.21,65.1,2.24,24.73,0.0
2022-08-27,24.34,16.71,54.5,1.95,18.92,0.0
2022-08-28,20.59,9.13,61.7,2.92,18.98,16.41
2022-08-29,22.9,15.28,67.8,3.57,17.13,0.0
2022-08-30,25.74,16.93,62.5,1.91,23.04,0.0
2022-08-31,23.5,14.03,57.4,1.92,19.01,0.0
2022-09-01,23.73,16.14,51.1,0.4,20.82,0.0
2022-09-02,22.63,14.03,63.7,2.1,13.95,2.29
2022-09-03,26.06,17.68,65.4,1.85,23.48,0.0
2022-09-04,22.94,12.37,59.4,0.47,21.05,0.0
2022-09-05,17.3,5.37,54.3,2.43,21.42,0.0
2022-09-06,20.88,12.07,67.4,2.67,23.38,0.0
2022-09-07,17.5,6.55,86.8,1.61,18.98,0.0
2022-09-08,14.1,6.4,59.0,1.9,18.96,0.0
2022-09-09,20.71,10.81,65.4,1.43,21.51,8.4
2022-09-10,25.17,16.0,65.8,2.81,20.54,0.0
2022-09-11,21.75,13.31,36.3,0.99,18.41,0.0
2022-09-12,18.5,7.39,63.2,1.95,19.17,0.0
2022-09-13,18.87,8.14,54.9,3.76,17.42,0.0
2022-09-14,23.84,16.17,75.8,2.24,20.97,0.0
2022-09-15,21.2,12.74,59.5,2.57,21.52,0.0
2022-09-16,20.72,9.62,54.2,2.08,18.62,12.15
2022-09-17,20.25,8.29,59.8,1.26,24.14,0.0
2022-09-18,20.26,10.21,63.7,2.17,13.76,0.0
2022-09-19,21.96,10.61,56.4,2.53,17.57,6.27
2022-09-20,21.11,9.19,61.5,1.38,23.3,1.37
2022-09-21,20.05,9.35,48.5,2.47,16.78,0.0
2022-09-22,16.68,6.46,59.7,3.2,13.12,0.0
2022-09-23,20.34,12.24,69.8,3.06,22.01,5.15
2022-09-24,17.13,8.28,81.7,0.93,19.34,7.63
2022-09-25,21.35,11.23,69.1,1.42,13.99,0.0
2022-09-26,15.21,3.57,64.7,0.91,19.8,0.0
2022-09-27,17.81,9.3,73.8,3.06,14.28,0.0
2022-09-28,17.9,8.93,72.2,2.69,13.2,0.0
2022-09-29,14.38,7.27,78.6,2.76,16.66,0.0
2022-09-30,21.76,11.28,72.8,1.5,15.55,0.0
2022-10-01,20.88,11.66,60.8,1.27,13.58,2.87
2022-10-02,15.83,4.84,64.6,2.26,15.66,0.0
2022-10-03,18.68,10.51,63.8,2.28,13.62,0.0
2022-10-04,17.46,7.17,65.0,1.52,16.7,0.0
2022-10-05,9.75,-0.62,64.0,2.31,16.33,0.0
2022-10-06,16.67,7.35,54.2,2.72,18.52,9.69
2022-10-07,15.65,7.71,41.0,2.38,14.79,10.16
2022-10-08,15.77,6.76,55.3,1.37,12.03,0.75
2022-10-09,12.63,1.91,41.7,0.51,11.95,0.0
2022-10-10,14.41,6.46,62.7,1.99,15.06,0.0
2022-10-11,14.4,6.95,62.0,2.33,20.3,0.0
2022-10-12,17.57,8.26,45.2,1.99,18.11,0.0
2022-10-13,15.2,7.02,68.9,1.86,13.51,0.0
2022-10-14,14.11,3.1,70.7,1.65,18.15,0.0
2022-10-15,17.7,6.62,63.0,2.77,11.71,0.0
2022-10-16,12.25,0.52,78.7,2.16,18.12,0.0
2022-10-17,12.42,1.23,80.7,2.3,13.81,0.0
2022-10-18,8.62,-1.62,49.9,1.42,17.15,0.0
2022-10-19,16.84,8.9,72.4,1.7,16.59,0.0
2022-10-20,15.09,3.97,66.4,2.33,13.77,6.67
2022-10-21,14.73,4.09,66.2,1.4,15.47,0.0
2022-10-22,13.87,3.14,71.3,1.19,11.15,0.0
2022-10-23,12.23,1.75,54.8,1.94,14.02,0.0
2022-10-24,12.26,1.11,56.1,3.16,17.39,0.0
2022-10-25,10.85,2.36,53.7,2.35,26.34,0.0
2022-10-26,10.74,0.38,54.5,3.37,16.01,0.0
2022-10-27,11.15,1.56,61.0,2.09,14.05,0.0
2022-10-28,14.56,5.87,47.5,1.95,10.62,4.37
2022-10-29,11.93,3.3,51.5,1.09,16.74,0.57
2022-10-30,10.16,2.39,67.8,1.74,8.46,4.02
2022-10-31,8.63,-0.83,61.3,3.35,10.91,4.26
2022-11-01,8.26,-0.59,65.8,2.46,14.29,0.0
2022-11-02,13.62,4.52,43.1,2.79,9.48,0.0
2022-11-03,10.65,-0.6,54.2,2.76,17.63,0.0
2022-11-04,9.33,-1.08,56.4,2.19,16.17,0.0
2022-11-05,8.07,-2.33,62.3,2.04,11.07,0.0
2022-11-06,5.94,-5.98,56.1,2.3,11.0,0.0
2022-11-07,8.32,0.23,71.3,2.74,8.59,0.0
2022-11-08,10.45,0.91,61.4,2.57,8.24,0.0
2022-11-09,7.07,-0.39,62.2,2.59,13.68,0.0
2022-11-10,7.26,-1.7,62.1,2.32,14.13,0.0
2022-11-11,7.06,-4.69,69.1,1.58,13.2,0.0
2022-11-12,7.68,0.25,57.3,1.99,12.84,0.0
2022-11-13,3.21,-7.58,73.2,1.45,10.26,3.74
2022-11-14,6.39,-4.93,66.6,3.0,12.93,0.0
2022-11-15,4.64,-4.91,63.5,0.52,7.32,3.53
2022-11-16,8.78,-2.21,62.4,2.03,11.68,0.0
2022-11-17,4.44,-4.77,67.2,4.11,15.99,0.0
2022-11-18,7.61,-1.16,72.2,1.93,15.44,0.0
2022-11-19,9.78,0.25,71.5,1.29,9.97,14.12
2022-11-20,4.99,-2.99,65.8,2.19,10.27,0.0
2022-11-21,4.07,-4.46,70.8,3.23,15.33,9.4
2022-11-22,5.86,-2.66,63.2,2.07,16.48,0.0
2022-11-23,5.19,-6.75,74.5,2.69,6.5,0.0
2022-11-24,2.53,-6.15,61.7,2.28,9.64,0.0
2022-11-25,5.98,-2.16,41.2,1.9,11.54,0.0
2022-11-26,9.69,-2.01,75.4,4.72,14.42,0.0
2022-11-27,3.82,-3.87,63.1,2.26,8.15,0.0
2022-11-28,3.79,-8.04,50.3,1.77,12.53,0.0
2022-11-29,1.51,-9.76,60.0,1.81,9.61,0.0
2022-11-30,4.75,-5.49,53.2,2.5,17.59,13.04
2022-12-01,0.67,-8.47,83.0,2.53,11.66,0.0
2022-12-02,0.86,-7.13,67.0,2.82,9.88,0.0
2022-12-03,6.66,-0.87,46.3,2.31,9.21,0.0
2022-12-04,1.04,-6.48,67.5,1.05,13.33,9.71
2022-12-05,5.86,-2.89,58.0,2.63,12.12,8.9
2022-12-06,6.81,-2.22,81.2,1.95,6.75,0.0
2022-12-07,3.5,-8.12,51.5,1.97,10.6,8.29
2022-12-08,4.09,-5.59,39.5,1.01,5.85,0.0
2022-12-09,7.45,-4.5,62.7,1.74,7.55,0.0
2022-12-10,1.94,-8.67,58.5,1.62,5.86,5.18
2022-12-11,0.81,-6.92,57.8,2.17,5.71,0.0
2022-12-12,-1.22,-10.98,40.6,1.04,7.58,0.0
2022-12-13,2.14,-5.65,66.3,2.24,6.64,0.0
2022-12-14,5.61,-1.58,78.7,2.3,11.13,0.0
2022-12-15,4.2,-7.52,42.9,1.3,11.89,0.0
2022-12-16,-0.68,-9.36,73.7,1.7,8.72,0.0
2022-12-17,-0.57,-8.52,56.3,1.51,6.02,0.0
2022-12-18,0.2,-7.31,85.5,2.93,11.77,0.0
2022-12-19,2.08,-8.18,66.4,0.4,3.21,2.34
2022-12-20,0.74,-8.57,60.1,1.93,3.45,0.0
2022-12-21,1.69,-5.37,73.1,0.87,11.42,0.0
2022-12-22,1.8,-8.77,67.3,1.85,11.17,0.0
2022-12-23,0.22,-8.06,56.1,2.88,12.09,0.01
2022-12-24,0.78,-10.12,69.1,1.7,8.47,0.0
2022-12-25,1.32,-8.13,56.9,2.31,5.29,0.0
2022-12-26,0.51,-9.16,44.1,1.52,7.53,0.0
2022-12-27,1.91,-7.38,82.3,3.75,10.74,13.84
2022-12-28,5.26,-5.12,58.5,2.93,6.7,7.1
2022-12-29,1.99,-9.96,55.9,3.1,6.87,0.0
2022-12-30,0.59,-10.4,65.4,1.14,4.76,0.0
2022-12-31,-3.82,-11.17,46.4,1.32,5.44,0.0
2023-01-01,1.31,-8.17,48.5,3.06,11.47,0.0
2023-01-02,-4.58,-12.75,57.0,2.04,10.28,0.0
2023-01-03,-3.28,-10.8,56.8,1.99,5.4,5.71
2023-01-04,2.33,-5.64,62.7,2.47,5.63,0.0
2023-01-05,1.92,-6.32,73.2,1.2,7.19,0.0
2023-01-06,-0.25,-12.05,57.3,2.82,10.52,0.0
2023-01-07,-4.18,-14.9,66.9,2.21,5.35,0.0
2023-01-08,-0.86,-12.12,68.0,2.58,8.36,0.0
2023-01-09,-1.65,-12.14,51.2,1.66,2.4,0.0
2023-01-10,1.62,-6.96,64.3,2.61,5.08,8.34
2023-01-11,5.66,-3.3,52.6,1.64,10.14,0.0
2023-01-12,0.55,-8.65,72.6,2.96,11.58,0.0
2023-01-13,-1.95,-10.41,66.6,3.1,5.4,0.0
2023-01-14,-2.93,-12.03,62.2,2.93,6.56,0.0
2023-01-15,-0.14,-10.99,48.6,2.61,11.31,0.0
2023-01-16,-0.43,-7.81,63.2,2.71,7.75,0.0
2023-01-17,-2.86,-11.24,54.3,0.4,7.31,0.0
2023-01-18,0.33,-9.07,69.1,2.87,10.52,0.0
2023-01-19,-2.82,-13.2,60.8,1.98,9.57,0.0
2023-01-20,2.86,-7.37,53.9,2.28,12.35,0.0
2023-01-21,2.77,-7.86,71.3,1.97,11.41,0.0
2023-01-22,2.85,-4.67,69.2,1.09,7.31,9.09
2023-01-23,-1.01,-8.91,56.1,1.77,8.72,0.0
2023-01-24,1.5,-7.04,73.6,2.73,8.93,0.0
2023-01-25,-0.07,-8.48,59.0,3.33,5.06,5.23
2023-01-26,-0.66,-11.44,58.9,1.7,6.24,3.37
2023-01-27,-0.49,-12.45,63.2,1.48,12.14,5.08
2023-01-28,-2.83,-13.25,54.5,3.36,4.47,1.82
2023-01-29,-3.13,-10.3,57.6,1.49,12.29,6.61
2023-01-30,2.53,-5.96,60.4,3.86,10.19,0.0
2023-01-31,0.13,-10.88,77.3,2.24,8.96,0.0
2023-02-01,1.23,-10.4,77.0,1.49,11.05,0.0
2023-02-02,3.27,-6.71,59.4,2.99,10.91,0.0
2023-02-03,-3.49,-12.23,78.1,3.55,13.16,0.0
2023-02-04,-1.03,-9.81,61.6,1.05,8.37,0.0
2023-02-05,1.45,-8.71,65.8,3.45,8.94,0.23
2023-02-06,2.09,-9.23,70.8,1.97,8.94,0.0
2023-02-07,0.26,-8.44,64.9,3.39,15.41,0.0
2023-02-08,3.87,-4.08,86.2,1.9,12.65,0.0
2023-02-09,1.93,-5.08,64.4,0.94,7.08,0.0
2023-02-10,-1.52,-9.21,50.0,2.6,8.92,0.0
2023-02-11,-0.7,-11.96,75.1,2.94,7.87,0.0
2023-02-12,3.75,-6.37,57.9,3.88,10.1,0.0
2023-02-13,3.02,-8.94,59.0,3.58,10.77,0.0
2023-02-14,-2.77,-10.12,32.1,2.76,17.1,0.0
2023-02-15,5.47,-3.36,72.0,2.01,4.77,0.0
2023-02-16,3.73,-7.25,70.2,1.78,13.44,0.0
2023-02-17,5.72,-4.58,70.0,1.96,11.73,0.0
2023-02-18,1.54,-5.79,71.8,1.54,8.38,0.0
2023-02-19,1.9,-7.11,78.9,1.98,10.12,0.0
2023-02-20,-0.04,-10.22,61.5,0.4,9.16,6.42
2023-02-21,9.27,-1.17,71.4,2.34,10.88,0.0
2023-02-22,2.64,-6.62,54.6,2.18,13.85,0.89
2023-02-23,7.2,-0.74,58.5,4.25,6.33,0.0
2023-02-24,1.77,-10.06,72.6,2.81,14.94,0.0
2023-02-25,3.95,-5.38,65.9,1.82,9.95,0.0
2023-02-26,-0.47,-11.06,48.7,2.65,15.68,0.0
2023-02-27,2.91,-6.76,65.6,1.22,12.49,0.0
2023-02-28,6.5,-0.91,60.2,1.72,15.06,8.03
2023-03-01,1.08,-7.11,53.8,0.71,13.14,0.0
2023-03-02,7.06,-0.25,66.3,3.35,14.8,0.0
2023-03-03,5.4,-2.55,58.0,2.67,11.8,0.0
2023-03-04,2.13,-5.87,46.3,1.26,9.22,0.0
2023-03-05,3.67,-5.41,50.9,2.15,13.85,0.0
2023-03-06,3.96,-4.65,79.7,2.96,14.06,0.0
2023-03-07,5.17,-3.65,46.9,2.6,18.34,0.0
2023-03-08,4.14,-6.94,64.2,2.51,6.1,0.0
2023-03-09,3.61,-3.5,68.1,1.51,11.64,0.0
2023-03-10,5.11,-2.41,68.4,1.69,15.53,0.0
2023-03-11,3.5,-7.54,49.7,2.28,8.67,0.0
2023-03-12,3.04,-6.63,58.8,2.94,11.86,5.1
2023-03-13,6.35,-2.85,63.4,1.54,19.02,0.0
2023-03-14,8.88,0.54,70.0,1.3,17.02,0.0
2023-03-15,3.06,-6.66,55.6,3.12,10.22,0.0
2023-03-16,7.1,-1.01,50.4,1.46,17.27,0.0
2023-03-17,5.67,-5.62,72.0,3.06,16.65,0.0
2023-03-18,5.07,-6.05,73.1,2.39,15.54,0.0
2023-03-19,9.86,1.25,65.7,2.9,14.46,3.26
2023-03-20,6.65,-0.48,55.9,3.6,14.14,0.0
2023-03-21,11.91,0.47,66.1,2.75,10.93,0.0
2023-03-22,6.43,-2.06,63.1,2.82,12.1,0.0
2023-03-23,9.57,-0.72,70.4,1.47,15.97,0.0
2023-03-24,8.26,-3.04,49.5,1.64,14.31,0.0
2023-03-25,7.16,-3.83,63.2,2.72,19.56,1.17
2023-03-26,10.74,-0.57,60.4,3.43,13.12,0.0
2023-03-27,9.11,-0.33,50.9,3.31,7.02,0.0
2023-03-28,11.24,0.03,64.2,4.05,13.35,3.99
2023-03-29,9.84,0.54,62.3,2.45,15.31,0.0
2023-03-30,7.48,-0.84,57.9,2.36,15.74,0.0
2023-03-31,10.17,0.77,66.0,3.0,14.92,0.0
2023-04-01,10.79,2.11,47.8,2.22,12.36,0.0
2023-04-02,13.29,2.45,61.5,2.15,19.44,0.0
2023-04-03,8.86,-2.3,66.3,1.36,13.08,0.0
2023-04-04,11.27,3.56,64.8,2.99,17.33,0.0
2023-04-05,7.3,-0.52,72.8,1.34,14.45,0.0
2023-04-06,13.47,4.55,50.0,2.61,11.84,0.0
2023-04-07,9.37,0.06,46.9,1.06,19.8,0.0
2023-04-08,7.8,-3.98,64.4,3.08,8.14,0.0
2023-04-09,12.41,0.7,66.6,1.38,13.24,0.0
2023-04-10,15.56,3.73,83.2,2.87,17.22,0.0
2023-04-11,9.23,-1.42,68.2,0.93,14.97,0.0
2023-04-12,10.56,0.17,53.3,1.85,18.42,0.0
2023-04-13,11.66,3.31,70.1,3.14,15.99,0.0
2023-04-14,10.94,2.07,53.5,1.56,15.05,0.0
2023-04-15,14.95,7.94,47.1,2.25,23.02,0.0
2023-04-16,12.22,1.06,88.1,1.82,15.99,0.0
2023-04-17,12.68,4.3,65.3,0.4,16.3,0.0
2023-04-18,16.18,8.78,69.1,2.45,13.64,0.0
2023-04-19,13.07,4.5,67.6,2.55,14.77,0.0
2023-04-20,16.29,7.67,80.1,1.31,19.08,0.0
2023-04-21,13.01,2.4,64.8,2.66,18.94,0.0
2023-04-22,12.65,5.62,74.2,1.56,17.37,0.0
2023-04-23,11.33,3.18,51.7,1.4,15.39,0.0
2023-04-24,20.81,9.33,48.1,2.21,19.67,0.0
2023-04-25,15.6,4.32,76.3,1.65,12.61,0.0
2023-04-26,17.25,7.1,76.7,4.03,16.82,0.0
2023-04-27,16.79,7.0,67.1,0.96,17.2,0.0
2023-04-28,17.51,9.39,64.3,2.79,15.54,0.0
2023-04-29,17.47,6.09,63.7,2.99,18.65,0.0
2023-04-30,22.35,11.54,55.1,0.62,16.3,0.0
2023-05-01,15.21,5.65,77.4,0.81,16.01,0.0
2023-05-02,14.15,6.34,68.6,2.65,23.94,8.38
2023-05-03,15.74,7.66,67.1,1.81,20.87,0.0
2023-05-04,15.16,6.26,65.8,2.51,22.36,0.0
2023-05-05,20.59,11.94,72.5,3.11,19.03,0.0
2023-05-06,21.0,13.7,67.1,1.9,21.88,0.0
2023-05-07,16.77,7.74,69.5,1.35,21.44,0.0
2023-05-08,15.92,6.68,50.3,0.4,22.84,0.0
2023-05-09,18.73,10.3,67.1,2.36,26.42,0.0
2023-05-10,23.32,14.4,83.9,1.46,18.74,0.0
2023-05-11,13.01,4.35,56.8,2.45,20.3,0.0
2023-05-12,21.59,12.71,60.7,2.39,19.48,0.0
2023-05-13,17.8,7.71,70.9,1.09,9.19,0.0
2023-05-14,23.3,13.82,71.6,3.58,15.65,0.0
2023-05-15,18.22,10.23,68.2,3.07,19.99,0.0
2023-05-16,20.41,9.43,45.8,2.88,21.94,13.14
2023-05-17,17.56,8.0,67.0,1.25,18.41,0.0
2023-05-18,19.09,9.8,50.2,1.87,23.64,2.12
2023-05-19,25.2,14.63,53.8,1.76,24.18,0.0
2023-05-20,23.99,13.22,67.5,1.87,19.19,7.65
2023-05-21,21.13,9.88,59.0,1.3,24.79,0.0
2023-05-22,20.15,9.09,70.1,2.55,25.87,0.0
2023-05-23,17.78,7.44,93.5,2.38,22.1,0.0
2023-05-24,21.72,11.12,69.8,2.49,17.85,0.0
2023-05-25,22.82,15.03,69.2,1.8,25.29,8.19
2023-05-26,22.87,12.37,53.0,3.23,20.48,0.0
2023-05-27,23.03,14.76,55.6,2.35,19.92,0.0
2023-05-28,20.64,12.35,51.4,0.4,21.49,0.0
2023-05-29,23.45,15.85,56.7,1.69,19.61,0.0
2023-05-30,23.7,14.71,51.1,2.15,24.52,0.0
2023-05-31,27.19,20.09,55.4,2.97,23.71,0.0
2023-06-01,28.8,18.51,59.9,1.96,25.12,0.0
2023-06-02,23.95,13.21,52.0,2.0,23.28,0.0
2023-06-03,22.54,11.66,47.8,1.67,19.23,0.0
2023-06-04,24.45,16.81,48.4,2.73,21.2,19.18
2023-06-05,23.25,13.05,66.5,1.84,24.38,0.0
2023-06-06,23.07,11.88,62.6,1.72,20.6,9.15
2023-06-07,24.93,17.75,72.3,1.61,30.0,0.0
2023-06-08,22.61,14.64,72.4,2.65,21.22,0.0
2023-06-09,26.88,18.54,58.6,1.77,20.25,0.0
2023-06-10,25.24,15.93,68.7,0.86,25.52,0.0
2023-06-11,26.26,18.4,47.6,2.7,24.37,12.19
2023-06-12,25.31,15.62,84.8,1.64,22.1,0.0
2023-06-13,24.08,15.36,74.0,2.49,21.55,0.0
2023-06-14,23.65,13.38,59.8,2.5,23.58,0.0
2023-06-15,25.55,15.89,50.4,3.16,24.86,0.0
2023-06-16,24.89,14.46,65.8,3.04,24.69,1.43
2023-06-17,26.96,18.73,43.3,1.74,21.54,0.0
2023-06-18,26.48,15.94,54.2,2.07,23.79,5.63
2023-06-19,23.19,12.52,69.5,1.17,25.07,0.0
2023-06-20,26.87,16.26,62.8,3.54,24.87,0.0
2023-06-21,23.44,16.1,57.1,2.55,13.36,0.0
2023-06-22,25.35,13.62,71.5,3.32,19.99,0.0
2023-06-23,26.25,16.37,51.6,1.94,20.37,0.0
2023-06-24,21.89,13.52,64.8,0.56,22.04,23.13
2023-06-25,27.39,18.22,57.0,3.43,23.3,0.0
2023-06-26,27.62,18.03,53.5,2.27,25.55,0.0
2023-06-27,26.92,17.33,66.6,2.31,24.67,0.0
2023-06-28,26.33,18.09,52.1,2.24,22.46,2.94
2023-06-29,26.52,18.2,81.0,2.72,22.94,0.0
2023-06-30,25.08,16.26,56.2,2.63,28.17,0.0
2023-07-01,26.91,16.0,81.9,0.93,21.07,0.0
2023-07-02,26.26,17.07,51.1,3.07,23.84,0.0
2023-07-03,27.92,20.73,68.1,1.78,27.64,0.0
2023-07-04,24.73,15.47,50.0,1.83,24.0,0.0
2023-07-05,28.37,20.36,48.6,3.58,16.84,0.0
2023-07-06,28.18,21.12,63.6,2.94,24.11,0.0
2023-07-07,27.51,15.62,68.8,1.93,21.83,14.92
2023-07-08,26.79,18.32,49.3,0.71,22.66,0.0
2023-07-09,29.3,19.61,73.8,2.33,26.15,0.0
2023-07-10,23.78,14.99,54.0,2.63,24.41,0.0
2023-07-11,29.11,21.85,63.3,2.14,22.21,0.0
2023-07-12,28.59,17.08,65.8,1.2,25.67,0.0
2023-07-13,28.7,17.02,67.9,1.57,24.3,0.0
2023-07-14,28.96,21.02,44.0,1.2,23.3,0.0
2023-07-15,26.37,17.28,78.2,2.37,23.88,0.0
2023-07-16,27.35,18.48,67.6,2.86,23.73,0.0
2023-07-17,29.59,21.75,57.7,3.02,21.93,0.0
2023-07-18,29.06,18.75,51.8,1.61,21.56,0.0
2023-07-19,28.49,17.58,45.1,2.39,23.0,0.0
2023-07-20,24.17,13.37,48.4,2.64,20.04,0.0
2023-07-21,29.28,18.9,67.4,1.79,19.1,0.0
2023-07-22,30.83,23.74,58.6,2.08,26.76,0.0
2023-07-23,30.4,22.25,50.7,3.9,22.11,0.0
2023-07-24,28.43,18.85,56.7,2.36,22.73,2.64
2023-07-25,23.91,13.39,77.6,2.91,22.37,0.0
2023-07-26,30.12,21.19,58.7,1.85,22.81,0.0
2023-07-27,27.35,18.1,56.2,2.23,22.78,0.66
2023-07-28,21.33,10.13,75.5,0.83,22.87,0.0
2023-07-29,28.55,21.43,66.6,2.18,20.22,0.0
2023-07-30,23.82,15.48,62.4,3.15,25.4,11.19
2023-07-31,24.25,15.8,55.9,3.88,20.48,0.0
2023-08-01,25.83,13.87,46.5,3.16,25.62,0.0
2023-08-02,30.53,22.4,50.3,2.75,16.71,0.0
2023-08-03,26.35,19.11,57.2,2.24,19.24,0.0
2023-08-04,27.88,18.79,59.8,1.72,25.35,8.65
2023-08-05,31.49,21.24,65.6,2.07,21.88,0.0
2023-08-06,31.02,23.25,67.5,2.69,20.26,0.0
2023-08-07,26.68,15.48,64.2,1.57,23.34,0.0
2023-08-08,26.24,18.26,64.2,2.95,19.02,0.0
2023-08-09,23.6,13.07,51.9,1.41,22.33,0.0
2023-08-10,24.91,17.1,40.5,0.78,15.4,0.0
2023-08-11,27.61,16.2,56.8,1.39,20.62,6.63
2023-08-12,27.42,19.42,52.5,0.87,19.97,0.0
2023-08-13,26.6,15.94,55.5,1.1,23.47,0.0
2023-08-14,28.69,17.5,59.3,3.11,24.41,0.0
2023-08-15,24.15,15.88,49.6,2.04,19.15,2.84
2023-08-16,25.82,18.36,50.9,2.37,26.47,1.31
2023-08-17,27.66,17.73,61.0,3.13,19.8,0.0
2023-08-18,27.16,17.67,63.2,3.21,15.33,0.0
2023-08-19,28.25,18.85,55.4,1.8,14.29,1.08
2023-08-20,26.42,15.52,67.0,3.26,25.96,0.0
2023-08-21,24.52,15.2,59.8,2.51,21.01,2.15
2023-08-22,26.05,16.57,51.8,2.2,19.25,0.0
2023-08-23,22.49,13.06,62.4,2.55,18.86,0.0
2023-08-24,20.75,11.48,80.8,1.06,17.75,0.0
2023-08-25,26.15,17.12,55.3,1.57,25.0,6.6
2023-08-26,24.4,16.59,73.7,2.11,20.6,0.0
2023-08-27,25.15,16.67,75.8,2.69,26.14,0.0
2023-08-28,19.97,11.65,77.0,1.9,20.08,0.0
2023-08-29,23.13,14.89,53.8,2.1,13.54,0.0
2023-08-30,22.38,11.46,82.2,2.98,23.03,0.0
2023-08-31,21.55,13.98,63.2,3.33,19.3,0.0
2023-09-01,17.89,9.87,59.5,2.81,19.6,0.0
2023-09-02,22.52,12.88,59.7,3.21,24.91,0.0
2023-09-03,25.42,16.85,68.0,1.88,19.32,0.0
2023-09-04,23.94,15.74,62.5,1.95,23.5,0.0
2023-09-05,21.3,12.43,60.2,2.45,19.9,0.0
2023-09-06,22.58,13.07,74.8,1.96,17.56,0.0
2023-09-07,24.31,13.94,54.8,1.79,21.24,0.0
2023-09-08,15.33,3.47,51.6,3.52,17.81,0.0
2023-09-09,21.72,10.46,69.9,2.04,23.19,11.77
2023-09-10,23.19,14.04,69.0,1.43,22.28,0.0
2023-09-11,23.34,14.08,72.9,2.59,19.49,0.0
2023-09-12,25.68,16.6,51.3,3.67,21.02,0.0
2023-09-13,24.06,15.87,72.8,2.26,20.78,0.0
2023-09-14,21.8,10.04,66.8,3.19,18.15,0.0
2023-09-15,21.56,14.22,79.6,1.85,21.55,8.4
2023-09-16,22.56,14.54,49.5,1.81,18.07,0.33
2023-09-17,19.03,8.72,64.2,1.65,20.49,0.0
2023-09-18,20.07,10.12,59.2,2.09,15.68,4.06
2023-09-19,22.22,13.82,46.1,3.67,18.73,0.0
2023-09-20,24.62,12.94,54.9,1.28,19.55,0.0
2023-09-21,19.11,10.06,73.3,3.51,15.83,0.0
2023-09-22,19.17,9.19,57.3,1.39,16.83,29.13
2023-09-23,19.56,12.11,54.8,2.01,16.37,0.0
2023-09-24,22.2,10.74,70.7,2.87,20.04,0.0
2023-09-25,18.54,11.02,71.9,2.7,15.58,0.0
2023-09-26,22.06,13.09,71.9,2.43,18.94,0.0
2023-09-27,15.74,4.31,54.1,0.88,22.08,0.0
2023-09-28,17.46,5.73,61.4,2.49,18.46,0.0
2023-09-29,17.2,5.68,72.3,1.38,12.44,0.0
2023-09-30,19.42,8.29,55.4,4.26,17.53,0.0
2023-10-01,19.84,11.67,54.5,2.03,20.16,11.3
2023-10-02,13.22,6.06,70.3,2.35,16.06,0.0
2023-10-03,14.47,5.21,77.6,1.28,20.13,0.0
2023-10-04,17.36,10.04,50.5,1.82,18.54,0.0
2023-10-05,14.63,2.83,36.0,1.17,17.83,0.0
2023-10-06,12.24,5.19,47.5,2.99,15.66,0.0
2023-10-07,18.4,9.77,51.9,1.99,14.79,0.48
2023-10-08,16.8,8.78,60.6,2.65,15.44,0.0
2023-10-09,16.56,9.49,68.2,1.65,16.27,0.0
2023-10-10,13.89,4.4,60.5,1.8,17.54,0.0
2023-10-11,17.42,10.04,55.0,3.23,17.11,0.0
2023-10-12,14.0,2.5,63.5,1.42,14.82,0.0
2023-10-13,17.1,6.66,52.4,0.76,15.8,0.0
2023-10-14,11.84,2.99,61.5,2.52,16.65,0.0
2023-10-15,11.74,0.54,55.6,1.29,10.5,0.0
2023-10-16,14.15,3.17,88.8,1.85,12.95,13.06
2023-10-17,11.64,3.01,70.2,2.93,12.74,0.0
2023-10-18,14.85,3.61,53.6,1.55,14.4,0.0
2023-10-19,13.57,1.92,52.0,2.9,14.07,0.12
2023-10-20,10.37,0.27,57.6,1.66,14.01,0.0
2023-10-21,12.62,3.86,45.6,3.39,12.04,0.0
2023-10-22,11.32,-0.18,54.7,3.26,16.56,0.0
2023-10-23,14.25,2.53,54.6,1.82,15.26,3.26
2023-10-24,10.14,1.4,70.8,2.03,9.38,0.0
2023-10-25,10.39,2.95,57.7,1.53,14.24,0.0
2023-10-26,14.27,2.94,54.1,2.36,10.7,0.0
2023-10-27,16.61,6.28,48.6,3.12,19.07,0.0
2023-10-28,15.77,7.61,50.2,1.04,12.49,22.84
2023-10-29,10.7,0.87,61.3,2.93,12.56,2.39
2023-10-30,10.86,2.31,59.8,1.14,13.88,23.29
2023-10-31,13.91,2.31,73.3,1.51,12.91,0.0
2023-11-01,9.53,0.82,55.7,0.77,13.23,0.0
2023-11-02,7.18,-0.81,72.6,3.88,17.94,0.0
2023-11-03,9.68,2.46,64.6,2.25,13.86,0.0
2023-11-04,10.29,1.58,62.0,2.4,15.58,0.0
2023-11-05,6.86,-5.08,41.9,1.66,16.35,0.0
2023-11-06,4.6,-3.5,49.1,3.05,9.94,0.0
2023-11-07,4.9,-4.39,69.4,0.52,17.82,0.0
2023-11-08,9.93,-1.93,76.0,2.22,14.71,3.67
2023-11-09,6.15,-0.88,64.1,3.97,15.41,0.0
2023-11-10,7.48,-1.0,69.6,1.89,9.85,0.0
2023-11-11,8.15,-2.96,57.9,2.21,14.79,0.0
2023-11-12,8.95,1.47,58.3,2.74,13.48,0.0
2023-11-13,6.35,-5.29,55.4,1.55,10.52,12.34
2023-11-14,8.23,-2.94,71.7,2.22,18.89,0.0
2023-11-15,4.55,-3.17,65.4,2.97,13.64,19.14
2023-11-16,5.67,-4.3,59.7,2.36,11.13,0.0
2023-11-17,3.81,-5.97,58.7,2.5,12.33,0.0
2023-11-18,9.0,-1.47,67.6,1.92,14.38,0.0
2023-11-19,5.9,-2.63,65.2,2.45,14.95,0.0
2023-11-20,3.92,-5.0,53.7,2.24,13.22,0.0
2023-11-21,4.7,-3.51,79.2,3.36,15.03,0.0
2023-11-22,4.83,-3.63,64.6,2.78,15.7,0.0
2023-11-23,6.95,-0.93,62.1,2.01,7.5,0.0
2023-11-24,1.02,-10.5,76.8,0.4,9.66,12.63
2023-11-25,2.23,-9.2,72.2,2.77,8.22,0.0
2023-11-26,3.7,-5.1,61.1,2.8,11.24,0.0
2023-11-27,10.8,0.33,67.4,1.47,15.2,9.96
2023-11-28,6.68,-2.77,51.3,0.6,12.75,11.51
2023-11-29,3.84,-4.56,55.6,1.29,7.58,0.0
2023-11-30,5.73,-3.02,39.4,2.94,9.75,1.22
2023-12-01,8.93,-2.9,74.2,1.35,13.65,0.0
2023-12-02,3.04,-5.67,43.0,1.83,8.89,0.0
2023-12-03,2.55,-7.35,68.8,2.38,10.12,6.16
2023-12-04,6.34,-5.39,53.7,3.18,11.26,0.0
2023-12-05,4.39,-4.1,52.2,2.19,4.81,0.0
2023-12-06,4.68,-6.37,60.0,2.12,12.55,0.0
2023-12-07,1.58,-5.99,64.7,1.76,11.17,12.44
2023-12-08,7.52,-3.15,68.1,3.5,11.79,0.0
2023-12-09,6.84,-4.19,79.7,3.05,7.08,10.58
2023-12-10,3.85,-7.34,65.6,2.12,7.65,0.0
2023-12-11,4.01,-7.87,70.8,1.08,8.11,0.0
2023-12-12,-2.9,-13.46,56.0,1.57,10.6,0.0
2023-12-13,3.63,-8.25,69.1,2.66,10.0,0.0
2023-12-14,1.43,-6.96,63.5,1.62,10.12,0.0
2023-12-15,2.88,-6.73,57.4,2.91,15.06,0.0
2023-12-16,3.39,-4.68,61.0,2.49,13.55,0.0
2023-12-17,0.71,-6.7,61.4,2.43,7.43,0.0
2023-12-18,-2.77,-11.96,63.9,2.72,7.58,0.0
2023-12-19,2.27,-8.33,66.0,2.6,14.65,0.0
2023-12-20,-0.6,-11.49,56.9,1.52,8.51,0.0
2023-12-21,0.33,-6.76,54.6,1.94,13.56,0.0
2023-12-22,-0.45,-12.16,69.5,4.07,14.18,17.02
2023-12-23,0.12,-8.12,45.0,1.23,7.72,0.0
2023-12-24,-4.89,-13.35,55.8,1.82,8.51,0.0
2023-12-25,3.84,-7.32,77.5,3.05,9.53,0.0
2023-12-26,1.36,-10.11,34.9,2.07,6.66,0.0
2023-12-27,3.43,-7.26,55.1,1.55,6.29,0.0
2023-12-28,5.53,-3.14,68.9,1.14,8.0,0.0
2023-12-29,0.57,-8.75,45.5,2.63,11.74,0.0
2023-12-30,-4.06,-15.23,88.0,3.02,7.81,7.23
2023-12-31,-1.84,-10.63,36.1,3.32,8.52,0.0
2024-01-01,-2.68,-13.71,76.4,2.24,7.73,2.85
2024-01-02,-0.97,-11.88,77.6,3.04,5.01,0.0
2024-01-03,0.44,-8.91,71.2,1.37,13.55,3.2
2024-01-04,-4.81,-16.29,59.8,2.33,2.06,0.0
2024-01-05,1.01,-7.91,65.6,1.66,7.11,0.0
2024-01-06,-3.65,-14.4,53.0,2.34,10.74,21.99
2024-01-07,0.84,-9.36,70.1,2.8,4.88,0.0
2024-01-08,-0.21,-8.86,50.8,3.06,10.87,0.0
2024-01-09,-0.74,-10.4,59.3,1.41,12.82,22.47
2024-01-10,-0.15,-10.18,72.0,3.21,6.48,0.0
2024-01-11,-1.33,-11.02,50.9,1.82,9.69,0.0
2024-01-12,-1.52,-9.08,58.4,1.38,5.74,0.0
2024-01-13,-4.21,-16.16,63.6,2.06,10.6,0.0
2024-01-14,-0.07,-11.91,48.6,1.03,9.35,0.0
2024-01-15,4.62,-2.57,73.6,2.2,9.75,0.11
2024-01-16,4.96,-6.76,65.4,2.43,13.21,0.0
2024-01-17,3.33,-6.33,46.8,2.04,10.54,5.19
2024-01-18,1.8,-5.83,61.5,2.63,13.18,0.0
2024-01-19,-1.63,-12.74,54.2,1.95,11.07,0.0
2024-01-20,3.69,-5.48,55.4,2.2,5.59,0.0
2024-01-21,-0.03,-10.6,62.8,1.05,10.0,0.0
2024-01-22,-0.03,-11.17,54.9,2.23,10.71,0.0
2024-01-23,-0.55,-10.24,71.6,1.52,4.93,0.0
2024-01-24,0.45,-6.8,55.0,1.84,13.3,0.0
2024-01-25,-0.83,-11.94,71.8,2.13,9.53,0.0
2024-01-26,0.1,-10.37,61.6,2.35,10.47,0.0
2024-01-27,-2.35,-13.9,70.6,0.88,6.71,7.95
2024-01-28,-0.52,-8.87,56.6,0.95,9.66,0.0
2024-01-29,6.18,-4.74,56.9,1.96,10.38,0.0
2024-01-30,0.37,-11.0,50.5,2.58,8.54,0.0
2024-01-31,0.02,-8.76,67.8,2.49,9.81,0.0
2024-02-01,2.02,-7.03,71.4,2.91,3.25,0.0
2024-02-02,2.53,-6.14,83.2,3.24,13.74,0.0
2024-02-03,-1.94,-8.97,74.9,2.6,6.37,0.0
2024-02-04,0.41,-7.75,64.5,2.18,3.21,0.0
2024-02-05,3.31,-5.35,59.9,1.37,6.93,0.0
2024-02-06,1.78,-5.76,65.9,1.44,7.36,9.17
2024-02-07,1.51,-9.32,61.7,1.83,11.56,0.0
2024-02-08,5.19,-3.95,76.6,2.41,7.24,0.0
2024-02-09,-0.29,-10.13,71.4,2.38,10.9,18.12
2024-02-10,1.72,-6.7,53.6,2.2,7.23,0.0
2024-02-11,0.32,-8.48,55.1,2.08,16.79,0.0
2024-02-12,5.46,-5.3,75.7,2.7,11.87,0.0
2024-02-13,-3.02,-12.37,65.1,2.37,16.17,0.0
2024-02-14,0.3,-9.68,59.7,2.44,7.33,0.0
2024-02-15,0.78,-8.33,73.9,2.45,12.44,0.0
2024-02-16,3.89,-5.89,58.1,1.76,7.65,4.86
2024-02-17,3.88,-7.61,59.2,1.38,12.33,0.0
2024-02-18,5.99,-2.35,57.4,2.59,12.7,0.0
2024-02-19,-1.3,-10.89,42.4,2.53,5.96,0.0
2024-02-20,4.66,-5.78,70.6,2.02,7.41,0.0
2024-02-21,2.19,-5.24,49.9,1.87,7.4,0.0
2024-02-22,1.41,-10.4,56.3,4.02,6.47,0.0
2024-02-23,4.58,-4.92,54.6,1.59,8.87,0.0
2024-02-24,1.08,-7.14,69.3,2.03,8.27,0.0
2024-02-25,-1.65,-12.45,61.3,2.41,6.9,0.0
2024-02-26,2.78,-8.3,62.2,1.28,11.62,0.0
2024-02-27,0.12,-10.03,45.2,2.29,13.05,0.0
2024-02-28,2.41,-9.17,61.1,3.64,7.56,0.0
2024-02-29,5.14,-2.31,47.2,2.95,9.92,0.0
2024-03-01,5.16,-4.48,65.1,2.71,11.71,0.0
2024-03-02,8.53,-2.19,65.7,2.67,11.09,0.0
2024-03-03,4.24,-7.35,61.8,2.29,9.78,0.0
2024-03-04,1.09,-9.12,82.4,2.97,14.41,0.0
2024-03-05,3.21,-6.8,67.3,2.08,14.61,0.0
2024-03-06,2.99,-5.95,68.0,1.86,14.21,0.0
2024-03-07,2.44,-7.42,63.4,2.28,11.65,0.0
2024-03-08,6.76,-3.01,60.1,2.92,18.33,0.0
2024-03-09,4.26,-7.27,71.7,2.46,17.7,0.0
2024-03-10,1.12,-10.01,73.0,2.74,11.37,0.0
2024-03-11,8.01,-2.68,49.0,0.58,12.32,0.0
2024-03-12,6.19,-5.43,72.5,3.15,16.35,0.0
2024-03-13,7.56,0.23,67.1,4.07,10.5,0.0
2024-03-14,7.14,-3.71,71.6,3.27,14.2,10.32
2024-03-15,8.67,-0.65,66.7,1.95,13.25,0.0
2024-03-16,7.39,-3.37,49.6,1.52,11.11,0.0
2024-03-17,10.6,2.12,50.3,2.42,12.64,0.0
2024-03-18,8.79,-0.55,80.2,1.41,8.73,0.0
2024-03-19,8.92,-2.2,64.5,2.78,11.93,2.92
2024-03-20,9.18,2.01,47.8,1.78,7.68,0.0
2024-03-21,4.74,-3.72,65.5,2.97,20.62,9.37
2024-03-22,8.19,-1.25,58.4,3.29,18.41,0.0
2024-03-23,8.18,-3.08,43.6,0.57,17.69,0.0
2024-03-24,9.57,1.22,39.1,2.43,15.03,0.0
2024-03-25,5.88,-5.24,46.0,1.64,17.23,0.0
2024-03-26,13.59,5.36,64.7,1.07,18.17,0.0
2024-03-27,9.99,1.48,61.5,1.71,17.52,3.9
2024-03-28,6.93,-2.84,59.5,2.02,17.34,0.0
2024-03-29,5.92,-4.35,64.8,3.03,11.97,16.18
2024-03-30,9.72,-1.68,68.0,0.98,16.11,0.0
2024-03-31,10.43,-0.96,41.0,3.04,13.34,0.0
2024-04-01,9.1,0.85,59.0,3.81,11.52,0.04
2024-04-02,11.36,0.63,53.7,2.68,11.75,0.0
2024-04-03,9.76,-0.41,49.7,2.64,16.58,0.0
2024-04-04,12.98,4.05,56.5,2.19,18.57,0.0
2024-04-05,10.03,-0.85,60.8,1.26,11.43,0.0
2024-04-06,11.98,0.49,59.3,2.63,20.89,0.0
2024-04-07,14.76,5.37,47.5,2.51,20.18,0.0
2024-04-08,18.99,7.41,57.2,2.79,14.75,0.0
2024-04-09,10.28,2.64,82.2,4.26,14.62,0.0
2024-04-10,11.88,4.04,51.5,2.78,15.91,0.0
2024-04-11,11.18,0.36,45.1,2.54,19.2,0.0
2024-04-12,15.48,6.95,64.8,3.45,15.22,8.0
2024-04-13,10.89,0.96,68.0,1.12,13.17,16.5
2024-04-14,12.79,3.3,66.6,1.29,17.64,0.0
2024-04-15,14.17,6.44,50.8,1.9,10.53,0.0
2024-04-16,12.04,1.26,72.0,1.68,17.27,0.0
2024-04-17,12.33,1.62,54.1,2.76,20.44,0.0
2024-04-18,13.77,6.05,50.7,1.95,18.0,8.02
2024-04-19,9.95,1.65,55.9,3.59,19.54,0.0
2024-04-20,11.83,0.83,60.9,3.42,18.8,0.0
2024-04-21,14.65,3.09,69.1,2.82,19.62,0.0
2024-04-22,16.29,4.94,68.2,1.89,17.99,0.0
2024-04-23,15.7,6.19,61.8,2.69,15.18,0.0
2024-04-24,11.96,3.13,71.3,2.85,17.11,0.0
2024-04-25,15.48,6.25,62.8,1.35,17.68,0.0
2024-04-26,18.87,10.99,71.0,2.48,21.8,0.0
2024-04-27,18.5,9.02,48.0,2.76,23.01,0.0
2024-04-28,17.14,8.99,46.3,2.37,19.51,0.0
2024-04-29,15.36,7.55,69.8,3.46,16.1,16.96
2024-04-30,19.39,10.48,48.1,3.17,16.29,0.0
2024-05-01,16.59,9.27,59.0,1.54,18.03,0.0
2024-05-02,15.35,5.99,61.0,2.3,22.87,0.0
2024-05-03,16.49,6.01,57.1,1.53,19.81,0.0
2024-05-04,22.35,12.09,57.5,2.66,18.75,0.0
2024-05-05,19.5,7.63,75.9,1.51,16.73,0.0
2024-05-06,22.07,10.65,36.7,2.94,21.78,0.0
2024-05-07,18.2,8.03,70.8,2.51,20.11,0.67
2024-05-08,21.97,10.48,85.0,2.98,19.2,0.0
2024-05-09,18.34,9.11,62.2,2.08,19.77,0.0
2024-05-10,19.67,8.67,61.8,1.03,24.62,0.51
2024-05-11,26.49,18.07,69.3,3.61,19.18,12.46
2024-05-12,22.41,12.77,80.3,2.06,24.83,0.0
2024-05-13,19.45,7.55,50.1,3.3,23.59,0.0
2024-05-14,20.7,10.71,62.9,2.54,20.12,0.0
2024-05-15,21.94,12.4,60.1,2.74,22.72,0.0
2024-05-16,24.35,13.42,67.6,3.66,19.79,0.0
2024-05-17,20.31,11.75,63.6,2.47,17.77,0.0
2024-05-18,17.38,6.23,68.6,3.32,19.55,0.0
2024-05-19,21.23,14.14,57.8,1.01,17.73,0.0
2024-05-20,22.17,13.98,62.5,2.9,22.07,0.0
2024-05-21,22.6,14.71,55.3,2.01,20.68,0.0
2024-05-22,25.81,17.52,55.4,2.09,22.42,11.4
2024-05-23,23.5,11.77,60.6,2.21,23.29,0.0
2024-05-24,24.93,17.81,60.6,2.48,11.54,23.96
2024-05-25,20.33,11.83,50.3,3.53,21.92,0.0
2024-05-26,25.43,15.56,77.7,0.72,15.66,0.0
2024-05-27,28.68,18.17,60.6,2.24,21.65,0.0
2024-05-28,25.55,14.68,48.2,1.63,18.6,0.0
2024-05-29,24.43,15.51,73.0,3.13,21.62,0.0
2024-05-30,24.35,16.25,54.5,1.86,25.48,0.0
2024-05-31,28.6,17.34,67.1,2.57,16.34,0.0
2024-06-01,21.98,14.37,61.8,1.88,22.11,0.0
2024-06-02,24.18,16.85,64.5,2.73,21.37,0.0
2024-06-03,25.77,17.61,63.7,3.01,16.0,0.0
2024-06-04,26.63,17.17,56.2,1.88,23.69,0.0
2024-06-05,23.83,12.12,62.4,2.24,21.92,0.0
2024-06-06,25.84,15.2,82.3,1.06,20.36,12.24
2024-06-07,24.52,14.7,39.6,2.44,19.78,0.0
2024-06-08,25.66,16.06,62.7,2.89,30.0,0.0
2024-06-09,25.17,14.7,66.3,1.76,20.89,6.1
2024-06-10,22.78,12.65,51.5,3.1,16.73,0.0
2024-06-11,25.72,17.03,48.3,0.54,19.4,0.0
2024-06-12,28.09,20.63,83.6,0.72,21.14,0.0
2024-06-13,23.61,15.6,58.3,1.09,21.14,0.0
2024-06-14,25.54,14.63,82.8,1.81,22.11,0.0
2024-06-15,27.92,17.75,67.4,2.21,19.26,0.0
2024-06-16,23.7,12.72,62.8,2.14,24.07,0.0
2024-06-17,26.94,19.72,66.8,2.15,21.04,0.0
2024-06-18,23.94,12.44,68.4,2.78,18.45,22.62
2024-06-19,29.53,20.62,73.8,1.82,20.13,0.0
2024-06-20,32.58,20.95,66.4,1.19,21.47,0.0
2024-06-21,31.95,21.98,63.4,1.2,25.2,2.83
2024-06-22,26.44,16.7,63.8,3.89,24.15,0.0
2024-06-23,28.92,17.83,75.5,0.4,21.71,0.0
2024-06-24,27.46,17.33,70.2,2.06,22.82,0.0
2024-06-25,27.49,17.12,52.0,3.37,23.44,0.0
2024-06-26,31.18,23.4,55.6,2.59,28.93,0.0
2024-06-27,24.09,14.07,65.3,1.54,20.99,0.0
2024-06-28,30.09,21.31,55.8,2.2,24.27,0.0
2024-06-29,27.4,20.02,58.2,2.89,25.07,0.0
2024-06-30,31.1,23.44,52.4,3.17,20.05,0.0
2024-07-01,28.11,18.71,59.4,1.48,23.5,0.0
2024-07-02,26.01,17.7,66.2,2.81,23.44,15.79
2024-07-03,28.43,17.6,72.0,2.4,21.55,0.0
2024-07-04,29.62,22.01,62.1,3.08,24.67,0.0
2024-07-05,27.91,20.84,82.7,3.31,26.07,0.0
2024-07-06,29.08,17.09,61.2,1.93,26.38,2.71
2024-07-07,26.59,18.02,93.9,1.04,22.42,0.0
2024-07-08,22.58,13.04,72.0,2.52,23.57,0.0
2024-07-09,30.19,22.14,67.0,3.62,30.0,2.48
2024-07-10,29.71,21.67,57.0,2.75,19.69,0.0
2024-07-11,28.35,19.34,33.8,2.38,23.66,0.0
2024-07-12,28.16,17.21,60.4,4.12,25.66,0.0
2024-07-13,30.59,23.39,63.8,1.37,23.44,0.0
2024-07-14,26.86,15.67,81.2,2.92,24.94,0.9
2024-07-15,26.23,14.28,48.2,1.74,23.48,0.0
2024-07-16,27.52,17.73,81.1,2.24,25.21,0.0
2024-07-17,30.96,22.16,59.5,2.27,26.79,0.0
2024-07-18,24.5,16.33,69.2,3.41,22.26,0.0
2024-07-19,30.93,23.02,36.6,1.45,23.49,0.0
2024-07-20,26.33,17.72,63.4,1.77,22.71,0.0
2024-07-21,25.15,13.9,58.6,0.93,21.65,0.0
2024-07-22,31.03,24.01,68.8,2.59,22.77,0.0
2024-07-23,27.6,16.67,62.9,1.83,19.41,0.0
2024-07-24,24.55,14.22,50.6,2.54,25.01,0.0
2024-07-25,26.86,19.77,71.5,1.34,27.85,0.0
2024-07-26,30.04,22.69,68.9,1.91,27.82,0.0
2024-07-27,30.64,19.97,68.0,3.03,26.5,0.0
2024-07-28,26.54,16.18,72.1,2.06,19.75,0.0
2024-07-29,28.57,20.0,73.0,2.7,27.16,0.0
2024-07-30,29.27,17.97,61.8,2.62,20.41,9.67
2024-07-31,25.81,17.76,48.4,1.92,22.36,0.0
2024-08-01,28.24,19.1,48.2,0.95,28.01,0.0
2024-08-02,27.2,19.62,75.5,2.99,19.21,0.0
2024-08-03,25.86,15.63,69.1,2.34,24.9,0.0
2024-08-04,25.89,18.45,63.0,2.99,23.17,0.0
2024-08-05,27.2,19.3,57.7,0.59,21.81,0.33
2024-08-06,27.01,16.18,62.3,0.88,19.59,0.0
2024-08-07,25.43,15.93,62.2,0.49,23.43,0.0
2024-08-08,25.68,15.37,58.6,1.5,20.71,0.0
2024-08-09,29.43,18.76,55.0,3.03,25.18,0.0
2024-08-10,27.08,17.04,83.6,2.65,25.65,0.0
2024-08-11,28.65,20.66,64.3,2.17,17.78,0.0
2024-08-12,29.32,18.83,55.9,2.3,20.34,6.62
2024-08-13,27.68,20.1,49.0,2.81,20.83,0.0
2024-08-14,31.76,23.41,54.7,1.96,18.17,0.0
2024-08-15,23.9,14.66,69.2,2.52,18.29,0.0
2024-08-16,27.85,20.28,69.6,2.31,21.84,0.0
2024-08-17,24.91,17.38,59.8,0.45,20.88,0.0
2024-08-18,30.21,19.95,62.5,1.89,16.47,0.0
2024-08-19,29.68,18.97,58.9,3.29,19.73,0.0
2024-08-20,20.41,11.55,50.9,1.88,22.83,0.0
2024-08-21,22.72,13.78,75.0,2.09,17.57,0.0
2024-08-22,26.66,18.62,65.7,1.71,18.34,0.0
2024-08-23,26.82,17.21,86.8,1.81,25.79,0.0
2024-08-24,26.54,16.63,54.4,3.1,24.89,0.0
2024-08-25,24.36,12.69,60.6,1.99,15.99,2.19
2024-08-26,25.51,18.31,70.8,1.38,16.71,0.0
2024-08-27,25.85,14.3,59.5,0.4,21.81,0.0
2024-08-28,23.85,11.9,48.1,1.74,17.01,0.0
2024-08-29,26.45,17.72,52.5,0.63,19.74,0.0
2024-08-30,18.06,7.43,63.0,0.74,19.05,1.52
2024-08-31,25.12,13.99,65.4,2.84,21.99,0.0
2024-09-01,20.77,10.51,61.1,2.77,12.63,20.55
2024-09-02,25.57,17.12,72.0,0.67,13.51,0.0
2024-09-03,22.42,12.3,71.9,2.88,16.34,0.0
2024-09-04,20.58,9.2,65.2,2.57,22.96,0.0
2024-09-05,23.55,16.01,62.3,1.57,19.35,0.46
2024-09-06,20.14,10.74,59.5,2.79,14.59,0.0
2024-09-07,19.95,12.83,67.5,0.9,21.09,0.0
2024-09-08,18.11,6.89,71.2,1.24,21.63,0.0
2024-09-09,21.77,10.88,62.6,1.05,18.67,0.0
2024-09-10,22.88,15.65,66.5,1.31,18.31,0.0
2024-09-11,23.99,13.26,58.8,2.9,20.5,1.4
2024-09-12,20.87,10.41,47.9,1.13,22.71,0.0
2024-09-13,23.64,16.01,52.0,1.28,19.43,0.0
2024-09-14,20.85,11.23,69.7,1.44,20.46,0.0
2024-09-15,20.36,9.92,66.5,2.36,18.61,0.17
2024-09-16,21.82,13.14,77.9,1.93,17.5,0.0
2024-09-17,22.81,13.29,62.6,2.89,15.78,4.4
2024-09-18,19.1,7.22,70.6,1.63,19.19,0.0
2024-09-19,19.12,8.94,75.2,1.17,17.41,0.59
2024-09-20,19.11,9.6,71.9,1.8,17.46,0.0
2024-09-21,19.49,12.16,55.9,2.23,20.87,0.0
2024-09-22,16.81,9.21,60.2,1.45,19.43,0.0
2024-09-23,21.41,10.15,63.3,2.42,20.46,0.0
2024-09-24,17.61,6.9,52.1,3.65,13.0,0.0
2024-09-25,19.54,8.36,66.7,1.73,19.29,0.0
2024-09-26,16.09,6.2,72.2,2.23,15.73,0.0
2024-09-27,18.82,8.94,57.2,3.27,14.95,0.0
2024-09-28,18.67,9.02,81.7,1.67,14.7,4.78
2024-09-29,16.41,5.73,59.1,1.51,20.77,0.0
2024-09-30,22.28,13.63,60.0,1.32,19.5,0.0
2024-10-01,17.92,8.43,59.6,2.51,14.75,0.0
2024-10-02,21.2,11.85,54.9,2.6,13.37,0.0
2024-10-03,18.91,8.61,66.2,2.07,16.7,0.0
2024-10-04,14.62,6.54,62.2,2.22,15.16,0.0
2024-10-05,15.09,7.96,78.6,3.21,21.4,0.0
2024-10-06,16.89,9.45,68.1,2.88,11.92,0.0
2024-10-07,15.72,7.82,67.4,1.06,10.69,0.0
2024-10-08,15.45,4.16,59.8,2.18,15.29,0.0
2024-10-09,14.37,3.78,47.9,2.27,15.97,0.0
2024-10-10,10.32,-0.43,61.1,2.76,16.22,0.0
2024-10-11,14.04,4.82,53.5,2.0,17.96,0.0
2024-10-12,8.82,1.3,71.5,1.66,21.8,0.0
2024-10-13,15.05,5.72,61.7,1.81,14.43,0.0
2024-10-14,12.06,0.75,78.7,0.76,13.71,0.0
2024-10-15,11.85,2.3,69.4,2.16,9.94,0.0
2024-10-16,12.85,2.69,70.4,1.7,15.83,0.0
2024-10-17,13.84,4.97,64.3,2.55,17.54,0.0
2024-10-18,9.34,1.59,64.1,1.36,14.08,0.0
2024-10-19,8.3,-1.83,68.5,1.83,18.28,0.0
2024-10-20,9.77,0.35,71.2,1.39,14.71,0.0
2024-10-21,7.09,-1.63,54.9,1.32,19.05,0.0
2024-10-22,9.54,1.25,66.9,2.73,15.39,0.0
2024-10-23,15.7,5.22,88.2,1.8,11.1,0.0
2024-10-24,8.84,0.25,61.1,2.53,12.24,0.0
2024-10-25,12.88,3.0,59.4,1.28,9.44,0.0
2024-10-26,7.58,-0.72,55.1,2.25,8.71,0.0
2024-10-27,11.52,0.76,47.5,0.82,14.61,0.0
2024-10-28,9.74,0.87,73.9,1.79,16.3,0.0
2024-10-29,10.16,0.77,62.6,1.77,19.44,0.0
2024-10-30,11.5,-0.14,65.0,2.64,13.3,0.0
2024-10-31,14.24,3.64,80.4,2.31,12.65,3.6
2024-11-01,10.1,-0.58,87.1,2.03,9.92,0.0
2024-11-02,9.7,1.0,53.1,2.84,16.1,0.0
2024-11-03,6.73,-4.47,72.5,2.32,14.19,0.0
2024-11-04,10.39,1.47,68.2,2.6,11.13,0.0
2024-11-05,8.1,-3.84,66.0,2.78,14.87,0.0
2024-11-06,10.57,-0.91,66.8,2.11,14.39,0.0
2024-11-07,8.16,-2.14,61.8,1.93,6.99,0.0
2024-11-08,12.4,1.24,77.9,2.43,14.72,0.0
2024-11-09,2.88,-6.84,68.2,1.83,12.8,0.0
2024-11-10,6.88,-3.79,65.5,2.47,11.11,0.0
2024-11-11,9.61,1.98,74.5,3.05,10.93,5.33
2024-11-12,6.32,-5.63,71.0,2.85,17.33,0.0
2024-11-13,5.0,-6.0,66.6,1.86,16.59,8.15
2024-11-14,6.11,-1.6,65.3,1.14,17.36,0.0
2024-11-15,3.12,-5.09,79.6,2.12,8.34,1.17
2024-11-16,6.66,-3.21,67.1,2.06,9.73,0.0
2024-11-17,12.27,1.45,61.1,3.05,14.32,3.64
2024-11-18,8.83,1.09,53.5,1.86,7.88,0.0
2024-11-19,3.0,-8.8,58.6,2.0,9.25,0.0
2024-11-20,3.39,-5.34,51.5,2.75,5.91,0.0
2024-11-21,4.37,-7.6,63.1,1.78,16.79,0.0
2024-11-22,7.71,-3.05,64.6,2.04,14.34,0.0
2024-11-23,2.96,-6.47,41.5,3.53,12.44,0.0
2024-11-24,3.1,-5.71,62.2,3.35,11.63,3.77
2024-11-25,6.86,-0.62,68.5,2.67,9.64,0.0
2024-11-26,6.63,-0.81,63.7,2.38,9.62,2.44
2024-11-27,3.36,-6.79,52.5,1.39,12.58,0.0
2024-11-28,1.33,-9.54,74.7,2.61,8.52,0.0
2024-11-29,0.08,-11.46,55.1,2.21,14.26,5.43
2024-11-30,2.04,-6.79,49.7,2.34,9.02,0.0
2024-12-01,-1.95,-13.64,51.2,1.75,7.81,0.0
2024-12-02,5.34,-3.15,61.9,2.15,14.25,0.0
2024-12-03,1.73,-9.97,71.9,2.02,9.85,0.0
2024-12-04,4.35,-7.24,73.7,2.41,11.88,0.0
2024-12-05,7.67,-0.1,64.1,3.3,8.9,0.0
2024-12-06,5.79,-5.52,50.1,2.45,3.33,0.0
2024-12-07,-0.17,-10.69,55.5,0.84,11.66,0.0
2024-12-08,4.74,-5.77,53.0,1.39,5.92,0.0
2024-12-09,5.33,-5.88,60.2,0.9,13.14,0.0
2024-12-10,0.43,-9.25,44.3,1.53,5.19,0.0
2024-12-11,-0.22,-9.75,63.1,2.61,4.19,0.0
2024-12-12,1.77,-7.07,68.5,2.48,10.65,0.0
2024-12-13,-2.09,-13.41,60.5,1.68,10.95,3.98
2024-12-14,5.47,-6.03,66.6,2.37,9.95,0.0
2024-12-15,-4.33,-12.14,52.6,1.56,5.94,0.0
2024-12-16,-1.2,-12.06,47.5,1.03,12.2,0.0
2024-12-17,0.78,-7.59,55.6,1.04,5.09,0.0
2024-12-18,0.79,-7.13,73.6,1.48,8.05,0.0
2024-12-19,1.67,-6.32,72.3,3.3,7.04,0.0
2024-12-20,1.83,-8.03,57.4,1.09,8.23,0.0
2024-12-21,0.53,-7.87,74.0,3.15,11.88,0.0
2024-12-22,3.81,-4.4,58.8,3.22,7.39,0.0
2024-12-23,-4.46,-11.96,77.1,2.02,10.95,0.0
2024-12-24,0.8,-7.82,66.8,2.12,11.31,0.0
2024-12-25,-1.06,-11.93,57.5,1.67,4.06,0.0
2024-12-26,0.98,-6.13,70.0,2.14,5.67,0.0
2024-12-27,1.13,-8.28,54.3,2.69,7.99,0.0
2024-12-28,-1.77,-11.78,52.6,2.17,7.34,0.0
2024-12-29,-1.15,-8.4,47.5,2.96,10.02,0.0
2024-12-30,2.37,-6.1,64.6,3.11,3.28,0.0
2024-12-31,1.21,-10.32,61.5,2.43,11.22,0.0
